card,card-time
-1.0,-1.0
12219393.525006725,0.006088972091674805
28813566.64698453,0.005356550216674805
36520672.70948407,0.005324840545654297
8562841.472507926,0.006334543228149414
1684263.1217059116,0.005885601043701172
55642880.3241629,0.0056056976318359375
10925.576425397934,0.001934051513671875
-1.0,-1.0
42445594.81969789,0.005349874496459961
9240.88737059496,0.0017282962799072266
-1.0,-1.0
173354.21018526572,0.002177715301513672
659120.7888869796,0.008411407470703125
302999.73053840135,0.0021562576293945312
653856.4805399944,0.008838176727294922
3497399.78924202,0.005440950393676758
169394.37680087867,0.0016851425170898438
5690.232643439454,0.0017261505126953125
3497399.78924202,0.0055425167083740234
8491102.190904628,0.005320310592651367
45005.39518893828,0.003007173538208008
9225.233471551503,0.0031080245971679688
95909.73529768383,0.007079601287841797
263013180.78158852,0.005178689956665039
49415.33930352874,0.0033369064331054688
125133.66861997357,0.0034027099609375
928139.885589006,0.007031440734863281
10976770.178840373,0.0061032772064208984
64339.596639823605,0.002340078353881836
23204.625962970673,0.0018978118896484375
339162.5433435797,0.006834506988525391
54011.17767451301,0.007097721099853516
25142.234149620013,0.00421452522277832
33.54637804015253,0.003740549087524414
124.02548833432982,0.008925914764404297
12183951.38998362,0.005624055862426758
132366.37553813588,0.0019087791442871094
79602.00390273232,0.0018973350524902344
12183951.38998362,0.005789279937744141
12231415.0428609,0.005535602569580078
38703.023300364475,0.003365039825439453
56517.13602948702,0.0033648014068603516
189878.620773423,0.007376432418823242
593.4791222052474,0.0005555152893066406
2730942.4642683673,0.006012678146362305
-1.0,-1.0
11053.454555838598,0.0015108585357666016
301072.474313067,0.002228975296020508
74463.3060034466,0.007138490676879883
74043.50664683853,0.007681369781494141
11049.276354701227,0.0016252994537353516
90246.71759078711,0.0019245147705078125
-1.0,-1.0
283673.03846029186,0.0022907257080078125
69565.8233800459,0.0023429393768310547
-1.0,-1.0
304501.2762555296,0.002796649932861328
31743.87951724883,0.001957416534423828
-1.0,-1.0
2722743.3212222606,0.005994558334350586
32982.26527958522,0.001607656478881836
86404.23350422435,0.0021209716796875
2501481.3355380087,0.0065724849700927734
1056756.4164226404,0.0058133602142333984
20298.876528208308,0.0020759105682373047
62455.21269683819,0.0024766921997070312
147533.64294132125,0.00689697265625
4190.767953100174,0.005848884582519531
80.499043976782,0.0021495819091796875
62455.21269683819,0.002509593963623047
585.0726366399817,0.0069005489349365234
173085.49327202307,0.0023186206817626953
71640.99588906796,0.007480621337890625
696689.438423802,0.008655786514282227
11090.311559537271,0.0015218257904052734
261708.06400874225,0.0022733211517333984
100816.97224829881,0.0068285465240478516
71453.75062747554,0.007615566253662109
695275.9366866831,0.008961200714111328
357509.2775838477,0.015854597091674805
100639.1087835024,0.007132291793823242
356090.10263385717,0.01586008071899414
170292.75554146327,0.0018270015716552734
71715.7913980073,0.006891012191772461
11102.0,0.0009872913360595703
77329.60006257262,0.0024213790893554688
71715.7913980073,0.0067517757415771484
-1.0,-1.0
-1.0,-1.0
-1.0,-1.0
43247996.176585294,0.005421161651611328
33930.258277389556,0.0061876773834228516
36549.854319252874,0.0033218860626220703
10782.147483298042,0.00604701042175293
40888.385605702584,0.0033721923828125
47.29845082212632,0.002936124801635742
34675850.85225552,0.010759830474853516
209969.0245198838,0.007124423980712891
232.74422013408775,0.007838964462280273
194.47952281002324,0.007787466049194336
1859.0646086461654,0.012623071670532227
304956.69801904843,0.0025017261505126953
3654155.1454266706,0.0052106380462646484
89850.27511524745,0.0018498897552490234
79851.0,0.0018231868743896484
-1.0,-1.0
-1.0,-1.0
3654155.1454266706,0.005542755126953125
-1.0,-1.0
20429.78117712388,0.003618001937866211
240660.87235035206,0.005330801010131836
3511.708368446037,0.0031142234802246094
62497.98884228775,0.003098726272583008
-1.0,-1.0
-1.0,-1.0
23695.433289240107,0.006810903549194336
-1.0,-1.0
1111017.1735548733,0.006056547164916992
1056756.4164226404,0.0059909820556640625
34789.0,0.0012350082397460938
1492404.2357527462,0.005267143249511719
36696.01476373214,0.0017533302307128906
79851.0,0.0015819072723388672
216549517.94670895,0.010647773742675781
1111017.1735548733,0.00590205192565918
1056756.4164226404,0.00589752197265625
1492404.2357527462,0.0052525997161865234
216549517.94670895,0.010378837585449219
1266405.2268718162,0.006003379821777344
984442.2136967024,0.005948781967163086
28141.9604646132,0.0018849372863769531
1605406.067064999,0.0054204463958740234
34113.75579642213,0.002321004867553711
66313.84347419212,0.002308368682861328
231440875.3983382,0.010690689086914062
523035.6410984854,0.006631374359130859
449197.9418326118,0.0066564083099365234
657956.3773083362,0.0060198307037353516
43952418.300878316,0.011118412017822266
232408616.07911596,0.0053863525390625
10901798.451442186,0.0060999393463134766
63541.31138601387,0.0028901100158691406
12500009.649292743,0.006148576736450195
135774.52983559063,0.002857208251953125
19820.23032277544,0.002396106719970703
51012261444.01299,0.010839223861694336
1841977.178746618,0.006537914276123047
248264.44723113833,0.007389545440673828
450822.68106925243,0.007416248321533203
17873952.457384206,0.012012243270874023
263013180.78158852,0.005167245864868164
58234.66861428041,0.006194353103637695
24208.983487001235,0.0048198699951171875
74207.96401157512,0.006033897399902344
68662.92360373006,0.004788875579833984
33.0951393516822,0.004492759704589844
305596963.8892213,0.010658502578735352
167764.7540734715,0.008396387100219727
124.61391796123021,0.00925302505493164
224.76859614775074,0.009275674819946289
1038.290012829503,0.01366424560546875
1584618.1977578371,0.006127834320068359
2267367.788990104,0.00547480583190918
24156.2139779531,0.002138376235961914
1056756.4164226404,0.00596308708190918
34100.82650349503,0.0015931129455566406
78901.73367982535,0.001994609832763672
402394378.0111843,0.010941743850708008
1558510.248251588,0.006468534469604492
2228179.0906403223,0.005918979644775391
1017628.7454385813,0.006410121917724609
399559872.2649262,0.011205196380615234
45451.68913260708,0.006144523620605469
12252232.723607846,0.005452871322631836
80899.68671718266,0.002482175827026367
5609.278681888534,0.005999565124511719
144.58561106440771,0.0020492076873779297
68464.41458638,0.002431154251098633
11541899.622225687,0.010874509811401367
6816.845349280189,0.006995201110839844
1865871.3194897044,0.006302595138549805
1929.6846151932782,0.006820201873779297
292449.1078827472,0.011655092239379883
44949.00367568688,0.0060732364654541016
12252232.723607846,0.0053863525390625
40328.85728947351,0.002919912338256836
5547.241321539366,0.005980253219604492
70.54434279009237,0.002552032470703125
58440.34885220406,0.002849578857421875
11414248.808888514,0.010922908782958984
427.02069760016286,0.007426261901855469
202988.0120947022,0.006755828857421875
335.9769400908358,0.00723576545715332
3037.4474525982887,0.012204885482788086
72041.3040829733,0.00722050666809082
598926.5540582242,0.008463382720947266
877318.4755951155,0.008243322372436523
67836.83971104861,0.0071375370025634766
126250.10489665,0.0066530704498291016
1085865.4782457536,0.00817108154296875
333267.7795100214,0.016335010528564453
450199.8697304445,0.015358686447143555
3285742.5816771626,0.017398834228515625
442877.21207192156,0.015210628509521484
2493662.2374545024,0.026825428009033203
28159141.857595235,0.005452632904052734
11915066.673311243,0.005610942840576172
130395.48222927321,0.0016946792602539062
2261862.685509434,0.005263805389404297
39682.535367753866,0.0017349720001220703
79021.89723048217,0.001649618148803711
8436565616.334998,0.010201215744018555
28159141.857595235,0.005387306213378906
11915066.673311243,0.005648612976074219
2261862.685509434,0.005298137664794922
8436565616.334998,0.010250329971313477
44101008.48948054,0.0053768157958984375
12233103.651620332,0.005481243133544922
39063.17955831966,0.0030791759490966797
3523067.5995649174,0.005320549011230469
27419.34116489607,0.0030705928802490234
56052.04218686822,0.0029630661010742188
13351427468.178606,0.01025247573852539
173961.77877194667,0.00670933723449707
200591.96780526647,0.0070002079010009766
119749.70969248703,0.0066165924072265625
1636468.0307604487,0.011577606201171875
9094.913220968176,0.002944469451904297
41542.36039350411,0.002813577651977539
3516822.884276143,0.005278587341308594
58287.70903808055,0.002786397933959961
-1.0,-1.0
-1.0,-1.0
174637.61145224742,0.006521701812744141
-1.0,-1.0
42.797715775246736,0.004302024841308594
321.0819584545226,0.003497600555419922
30378.05093451687,0.0054395198822021484
52975.75674664433,0.003361940383911133
-1.0,-1.0
-1.0,-1.0
1249.169330838504,0.007085561752319336
-1.0,-1.0
137723.66872433713,0.0037806034088134766
1194998.7954230872,0.008293628692626953
146913.89713216166,0.0036280155181884766
41680.6513840874,0.0016777515411376953
521553.0714436451,0.010310649871826172
-1.0,-1.0
-1.0,-1.0
-1.0,-1.0
7745207.789549458,0.004376411437988281
24135.715933982363,0.0025010108947753906
2298216.264271135,0.005246877670288086
59955.895558638775,0.0024480819702148438
3683674.8519099876,0.0051534175872802734
68539.32647069513,0.0024340152740478516
414941.1029782571,0.0053136348724365234
1745736541.458017,0.009023904800415039
192183.10609452132,0.006079673767089844
513301.0204801985,0.006066799163818359
12230086.870720303,0.009969949722290039
1558470.8641437327,0.0046765804290771484
128682.70796469388,0.0031180381774902344
15761936.386994042,0.005181550979614258
1307.0165684975182,0.003204822540283203
108075.74215059062,0.005419731140136719
58397.081270650815,0.0029735565185546875
24160.949235021202,0.0060651302337646484
351272633.3829748,0.009310245513916016
589840.5870795484,0.006603717803955078
5925.880272894984,0.006922483444213867
235081.16396041197,0.010749578475952148
4277504.782493681,0.005977630615234375
594.7124659630892,0.004991769790649414
4877503.542210497,0.005213022232055664
144.62450268297104,0.0046694278717041016
1046590.7852605776,0.005885601043701172
1058.76903634894,0.004972934722900391
285.6472971025585,0.009306192398071289
942245410.4922932,0.010350704193115234
1396.098153130482,0.00867152214050293
440.8655020527349,0.009300708770751953
844.5024132936329,0.013577938079833984
20365.767374498457,0.0032072067260742188
63216.871280398984,0.0072553157806396484
642013.5220970084,0.008351802825927734
871629.8397179832,0.008337736129760742
1110.5704684689515,0.00257110595703125
34836.18979441223,0.0032083988189697266
35525.89004563009,0.003174304962158203
64450.52450428411,0.007102012634277344
111172.35452481634,0.006749391555786133
1168046.8350349905,0.00822901725769043
7085.242628972998,0.008593320846557617
73915.9530660729,0.009859561920166016
86571.6911109199,0.009891271591186523
315053.83594520035,0.016254186630249023
394458.225154734,0.015362262725830078
3516805.597401517,0.01724100112915039
7017.2977574508795,0.008672237396240234
8816.869492124539,0.008143186569213867
118170.08318812805,0.009627819061279297
420134.5546302111,0.015275001525878906
34360.24114433095,0.01770758628845215
29315.494931728877,0.0169827938079834
312499.2358789156,0.018807649612426758
2353820.232554529,0.03197836875915527
27120.763326987442,0.018439054489135742
147010.9614291137,0.029279708862304688
2827925.5137113263,0.0054852962493896484
37233749.24494309,0.005358695983886719
43880.98564343327,0.006010532379150391
171470.0,0.0019059181213378906
388671.68797596224,0.004514217376708984
545.7379333649438,0.006136655807495117
4545.310445519724,0.0019576549530029297
7915.977261427354,0.0059206485748291016
39901.67830085063,0.001928091049194336
137.96237624365978,0.001592397689819336
1986031098.3347943,0.009415388107299805
2268622.084974411,0.010691165924072266
2827925.5137113263,0.005588531494140625
32598908.345349237,0.01053166389465332
37233749.24494309,0.005484104156494141
43880.98564343327,0.00627899169921875
310746.34978435223,0.009243965148925781
388671.68797596224,0.004755496978759766
545.7379333649438,0.006271839141845703
7915.977261427354,0.0062808990478515625
2123362240.3505316,0.015154838562011719
1986031098.3347943,0.00959634780883789
2268622.084974411,0.01088714599609375
32598908.345349237,0.010915517807006836
310746.34978435223,0.009387493133544922
2123362240.3505316,0.015206336975097656
404458.0247318996,0.005380153656005859
15806824.268707277,0.005489826202392578
11047074.720996264,0.0061032772064208984
25957.88781397927,0.004071712493896484
25005.63815881783,0.005190849304199219
21718.651968171576,0.005945682525634766
112.84243423234092,0.004001140594482422
1056756.4164226404,0.0058879852294921875
37719.864773713576,0.00391697883605957
6677.971208927464,0.003603696823120117
122448265.15517974,0.010053634643554688
89293741.98503256,0.010498762130737305
296.818873543913,0.007500410079956055
2805269286.6257873,0.010867118835449219
71888.12090248476,0.007863759994506836
25428.747126407372,0.00859975814819336
4830636.736124019,0.010228633880615234
278.2626843635417,0.0075626373291015625
70.42591809506764,0.008317947387695312
19509.52930874871,0.008297920227050781
28117768001.079926,0.0158994197845459
1108.1712702588231,0.01215815544128418
348.44314033386183,0.012951374053955078
59141.26104361393,0.013164281845092773
200.89663601516463,0.012779951095581055
1582.138730148618,0.018154144287109375
7955436.3562573865,0.005471944808959961
6294.4624884126215,0.00606083869934082
2223407.0515241073,0.005578517913818359
13221.153912555095,0.002438783645629883
10702.81221931473,0.005990505218505859
3549168.3671083055,0.005394935607910156
65605.31726557438,0.0025353431701660156
4102.7526090602405,0.005953788757324219
104.74233278703251,0.0019986629486083984
68855.73437008883,0.002462625503540039
6382020.5043972675,0.010721683502197266
2090788965.9188483,0.010109663009643555
602672.6504798993,0.0062673091888427734
1564831.6850696292,0.01089787483215332
522.7353705723407,0.006811380386352539
208217.28779859832,0.006342649459838867
2042283.6999925522,0.010464191436767578
2005.8545126606512,0.0069200992584228516
837845.2442008757,0.006220102310180664
1142.02804099231,0.006764411926269531
1969386270.1388032,0.016048908233642578
40897.34897189251,0.011584281921386719
29423570.910017166,0.010978460311889648
14557.056315667925,0.011663198471069336
55461.14677434677,0.011326074600219727
1902959.4678242232,0.016903400421142578
215761.22472160615,0.005301952362060547
1587230.239660721,0.00607609748840332
2271105.2569066477,0.005380868911743164
4667.674309071346,0.0038652420043945312
73196.20722241008,0.006004810333251953
98322.80931377094,0.005312204360961914
789.4345421423038,0.004122018814086914
1056756.4164226404,0.0059108734130859375
10547.967828062272,0.003796815872192383
43595.92414546252,0.0040187835693359375
43646444.10882153,0.01070094108581543
57921243.38662068,0.010028839111328125
382.2427089845804,0.007953405380249023
403057674.0520459,0.010689496994018555
7245.969243200896,0.008555173873901367
15187.554012716584,0.00796198844909668
14266749.215787396,0.010429620742797852
881.1118426856019,0.008428096771240234
2293.876306136802,0.00780940055847168
37291.09010429828,0.008396148681640625
13757510783.24118,0.016033649444580078
965.972064337707,0.013320684432983398
1673.4929543527837,0.012669563293457031
27554.18597035821,0.013391971588134766
3801.360646001336,0.012921571731567383
6005.871636601364,0.018486976623535156
26046602.641024157,0.005410194396972656
79269295.83826913,0.00533747673034668
15232182.280199623,0.0055963993072509766
61793.92108759174,0.0023300647735595703
7721597.63475974,0.004434347152709961
1659565.101058156,0.005292415618896484
23556.27994684957,0.0023615360260009766
4769130.181430189,0.005238533020019531
46388.118795652306,0.0023088455200195312
61874.12659845995,0.0022830963134765625
39198897252.6734,0.009481668472290039
6771098932.89875,0.010073423385620117
250561.86672970204,0.006153583526611328
23239553370.825123,0.010025978088378906
482946.9607924958,0.006045818328857422
380077.26684880577,0.006158351898193359
1685374401.6577787,0.009216785430908203
284416.9487421241,0.005116462707519531
122423.28698872753,0.005936622619628906
244951.66965928004,0.005975961685180664
13084542743781.514,0.01483297348022461
5711718.710296583,0.010039806365966797
2633393.330560576,0.010830402374267578
5100207.785627277,0.010698556900024414
2628463.870030777,0.009855031967163086
65792228.05241609,0.015491008758544922
732517.786568168,0.0053253173828125
263013180.78158852,0.005285739898681641
15551346.11495371,0.005441188812255859
64910.94249241137,0.0028045177459716797
711170.7050489907,0.004450798034667969
47032.09569107705,0.005405426025390625
665.2954865077719,0.0028982162475585938
15945738.515308762,0.005206108093261719
149675.48476466583,0.0028362274169921875
61037.305744646,0.0028922557830810547
3633933677.565237,0.009364128112792969
193150418.04286182,0.010174274444580078
10734.908390919894,0.006483793258666992
78211334064.77612,0.010122060775756836
2368251.970850415,0.006387472152709961
495708.1643804754,0.0067539215087890625
157446310.48218536,0.009224891662597656
19788.581437362798,0.005687713623046875
4176.030370592535,0.0066111087799072266
948285.8957411763,0.006406307220458984
1230356876155.783,0.014893293380737305
1106758.1685838674,0.010648727416992188
163600.99908148937,0.01129770278930664
38453188.13846312,0.011278867721557617
300363.8995737773,0.010444879531860352
23760857.854684263,0.016101598739624023
72968.60368591151,0.006760597229003906
80925.16101037576,0.001947164535522461
5185.222319499323,0.0011038780212402344
42307.528246219306,0.001874685287475586
1720621.0201683778,0.005276203155517578
79851.0,0.0018038749694824219
34080.20468878481,0.006906270980834961
-1.0,-1.0
-1.0,-1.0
-1.0,-1.0
-1.0,-1.0
1720621.0201683778,0.005457639694213867
-1.0,-1.0
-1.0,-1.0
-1.0,-1.0
-1.0,-1.0
-1.0,-1.0
64405.40858170962,0.006720304489135742
2631.3412538919306,0.004667520523071289
76.64390489659868,0.003985166549682617
1166.5915791335947,0.0023839473724365234
62560.73705288574,0.005223989486694336
67783.20417192183,0.0023000240325927734
505.33421763434336,0.009775638580322266
-1.0,-1.0
-1.0,-1.0
-1.0,-1.0
-1.0,-1.0
22149.107683420636,0.005894660949707031
-1.0,-1.0
-1.0,-1.0
-1.0,-1.0
-1.0,-1.0
-1.0,-1.0
596.0,0.0004634857177734375
50163.21339119653,0.002521991729736328
54715653.88669806,0.0044708251953125
3591281.5714633283,0.005238771438598633
147944.67417234965,0.0025191307067871094
60883.42605650826,0.002503633499145508
15825667.219445672,0.005167722702026367
-1.0,-1.0
-1.0,-1.0
-1.0,-1.0
1678544.2787225815,0.005346059799194336
303892.2465804717,0.006127119064331055
12022301473.519926,0.009185791015625
888363.7221013948,0.006093740463256836
-1.0,-1.0
-1.0,-1.0
-1.0,-1.0
39025397.86999415,0.010872364044189453
-1.0,-1.0
596.0,0.0002918243408203125
90584.0,0.0019767284393310547
2742542.488530956,0.00612950325012207
3683995.2829165906,0.005327701568603516
34789.0,0.0014710426330566406
79851.0,0.0017790794372558594
1056756.4164226404,0.0056993961334228516
-1.0,-1.0
-1.0,-1.0
-1.0,-1.0
2742542.488530956,0.0064160823822021484
3683995.2829165906,0.005364894866943359
534551821.4983861,0.010624170303344727
1056756.4164226404,0.005965471267700195
-1.0,-1.0
-1.0,-1.0
-1.0,-1.0
534551821.4983861,0.010754823684692383
-1.0,-1.0
596.0,0.00022363662719726562
67408.47476407945,0.0027840137481689453
14420.618515642982,0.0057525634765625
3677924.100044429,0.005544424057006836
159.18687036104777,0.0020546913146972656
72173.43576867062,0.002465963363647461
5547.395299853589,0.005796909332275391
-1.0,-1.0
-1.0,-1.0
-1.0,-1.0
3356.613106131591,0.00722956657409668
686450.4653300857,0.006155729293823242
2806105.755332691,0.01074361801147461
2011.5995324474154,0.006686210632324219
-1.0,-1.0
-1.0,-1.0
-1.0,-1.0
83380.20384688178,0.011515617370605469
-1.0,-1.0
10930.814788640515,0.001590728759765625
12012023.20791932,0.004407405853271484
2727339.2390734567,0.00635075569152832
3645962.1874362403,0.0051310062408447266
75088.63477581162,0.002619504928588867
3111201.94605644,0.00600433349609375
3564844.3873626366,0.005549907684326172
50696.846045814564,0.0026328563690185547
1051150.884153755,0.005816936492919922
29036.849985211662,0.0022597312927246094
68991.83400547184,0.002899646759033203
-1.0,-1.0
-1.0,-1.0
-1.0,-1.0
-1.0,-1.0
2421095972.553805,0.009156465530395508
2693770075.4433246,0.009456157684326172
8753244.209762609,0.005389690399169922
528900944.46213764,0.010938405990600586
2221866.1754646366,0.006879568099975586
2684986.7030616505,0.0062563419342041016
688491286.2295179,0.011366605758666992
2535699.908092551,0.007341861724853516
2698811.4741570414,0.00619196891784668
790497.0337956866,0.006817817687988281
-1.0,-1.0
-1.0,-1.0
-1.0,-1.0
-1.0,-1.0
-1.0,-1.0
-1.0,-1.0
706988241243.7268,0.014831781387329102
2109010705.6744606,0.010317564010620117
2164660499.7137995,0.01134347915649414
448892776.76986486,0.011298418045043945
587863818.7132438,0.01156306266784668
-1.0,-1.0
-1.0,-1.0
-1.0,-1.0
-1.0,-1.0
628944591426.0437,0.01563239097595215
-1.0,-1.0
684.556372626778,0.0012657642364501953
1115529.5578937468,0.004277706146240234
184081.65358443581,0.0058138370513916016
247585.16077435127,0.005011320114135742
3169.601673176203,0.0032291412353515625
4272106.790089904,0.005864381790161133
4924879.176221475,0.005008697509765625
42235.796569877864,0.003184080123901367
1055422.8438380258,0.005658388137817383
19059.740151323706,0.002815723419189453
58898.852790560784,0.0031273365020751953
-1.0,-1.0
-1.0,-1.0
-1.0,-1.0
-1.0,-1.0
224614137.2184832,0.008908271789550781
251435567.0249749,0.008795976638793945
31693.354775981876,0.0058362483978271484
35879547.405190326,0.010085582733154297
11416.682904282483,0.007380962371826172
19233.73076075494,0.006648063659667969
950196910.5217223,0.009911060333251953
169469.81070525225,0.007436275482177734
256745.88071740605,0.006600379943847656
133953.8200903574,0.007288217544555664
-1.0,-1.0
-1.0,-1.0
-1.0,-1.0
-1.0,-1.0
-1.0,-1.0
-1.0,-1.0
65923239419.268715,0.014130115509033203
747095.8381995732,0.010509729385375977
741092.4105878052,0.010515928268432617
227136.92981034282,0.011668682098388672
3605170.2832448664,0.011653423309326172
-1.0,-1.0
-1.0,-1.0
-1.0,-1.0
-1.0,-1.0
35333674.53218392,0.01566314697265625
-1.0,-1.0
174305.0,0.0016908645629882812
73405.47740791025,0.0065155029296875
877318.4755951155,0.008070707321166992
11102.0,0.0009157657623291016
328064.0,0.0016505718231201172
3683995.2829165906,0.004968881607055664
57515.7494607323,0.002387523651123047
341222.63913540944,0.005484819412231445
67271.66404815219,0.0023107528686523438
73405.47740791025,0.0064830780029296875
877318.4755951155,0.008027315139770508
-1.0,-1.0
-1.0,-1.0
1254302.701904988,0.014007329940795898
341222.63913540944,0.005420207977294922
-1.0,-1.0
-1.0,-1.0
-1.0,-1.0
-1.0,-1.0
421555.79271527333,0.0058269500732421875
1254302.701904988,0.013991117477416992
-1.0,-1.0
-1.0,-1.0
-1.0,-1.0
-1.0,-1.0
-1.0,-1.0
-1.0,-1.0
-1.0,-1.0
-1.0,-1.0
-1.0,-1.0
-1.0,-1.0
-1.0,-1.0
-1.0,-1.0
-1.0,-1.0
-1.0,-1.0
-1.0,-1.0
23584.346910537588,0.0027642250061035156
64409.920380988515,0.006627321243286133
693540.5540398967,0.009810209274291992
968.4690384031568,0.0027093887329101562
33235.60326168432,0.003108501434326172
512487.0348742216,0.005551815032958984
9292.35462527804,0.0026612281799316406
241049.31229925726,0.006189584732055664
66189.33923601345,0.0025718212127685547
7242.698372012535,0.008118629455566406
78871.93928608611,0.01041269302368164
-1.0,-1.0
-1.0,-1.0
878022.86885014,0.014538049697875977
8912.50005432487,0.006775856018066406
-1.0,-1.0
-1.0,-1.0
-1.0,-1.0
-1.0,-1.0
174246.39931268778,0.00630640983581543
27219.63341084102,0.015411853790283203
-1.0,-1.0
-1.0,-1.0
-1.0,-1.0
-1.0,-1.0
-1.0,-1.0
-1.0,-1.0
-1.0,-1.0
-1.0,-1.0
-1.0,-1.0
-1.0,-1.0
-1.0,-1.0
-1.0,-1.0
-1.0,-1.0
-1.0,-1.0
-1.0,-1.0
461.06299573558107,0.003605365753173828
3521.5088613920743,0.006518363952636719
42087.93260621529,0.00818324089050293
406.9551657031741,0.002816438674926758
17660.23435266956,0.003620624542236328
216212.99550173533,0.00531768798828125
5316.358051637774,0.0019559860229492188
341222.63913540944,0.005644798278808594
79851.0,0.0017893314361572266
136.8470785566513,0.008668899536132812
1990.5002852228406,0.010360479354858398
-1.0,-1.0
-1.0,-1.0
60173.14014703829,0.014254331588745117
4863.731666685895,0.0076656341552734375
-1.0,-1.0
-1.0,-1.0
-1.0,-1.0
-1.0,-1.0
216212.99550173533,0.005446672439575195
661.1610496040485,0.016401290893554688
-1.0,-1.0
-1.0,-1.0
-1.0,-1.0
-1.0,-1.0
-1.0,-1.0
-1.0,-1.0
-1.0,-1.0
-1.0,-1.0
-1.0,-1.0
-1.0,-1.0
-1.0,-1.0
-1.0,-1.0
-1.0,-1.0
-1.0,-1.0
-1.0,-1.0
61558.27637409599,0.002496957778930664
50356.04851551107,0.0068264007568359375
3413.1356302921945,0.008213281631469727
3758.5084972495492,0.0017402172088623047
722.4242393157259,0.002584218978881836
1689160.118301606,0.005225419998168945
23384.637941282654,0.0024955272674560547
1520.6763212440455,0.00571751594543457
60786.29137179421,0.002434968948364258
20776.154167617457,0.007487773895263672
1441.6081800089762,0.009110450744628906
-1.0,-1.0
-1.0,-1.0
4325.751371903348,0.014285802841186523
321.4953934710595,0.006490468978881836
-1.0,-1.0
-1.0,-1.0
-1.0,-1.0
-1.0,-1.0
158848.17092276443,0.00608372688293457
834.9982579804282,0.015031814575195312
-1.0,-1.0
-1.0,-1.0
-1.0,-1.0
-1.0,-1.0
-1.0,-1.0
-1.0,-1.0
-1.0,-1.0
-1.0,-1.0
-1.0,-1.0
-1.0,-1.0
-1.0,-1.0
-1.0,-1.0
-1.0,-1.0
-1.0,-1.0
-1.0,-1.0
1687.189309150615,0.004599094390869141
70520.09643307026,0.007096767425537109
623253.2447081045,0.008145570755004883
10969257.791677581,0.0060193538665771484
170995.05571717498,0.002229452133178711
108.7180461494392,0.004203081130981445
2985.8125139151684,0.0046041011810302734
69485.96743883149,0.007174968719482422
34583.275933964105,0.0017595291137695312
499.38958753145283,0.010234594345092773
5419.348948422396,0.011376619338989258
-1.0,-1.0
-1.0,-1.0
340424.04998799536,0.015994787216186523
-1.0,-1.0
-1.0,-1.0
-1.0,-1.0
-1.0,-1.0
10969257.791677581,0.006409406661987305
529.1395651096708,0.010251760482788086
2057.8103901697273,0.018935441970825195
-1.0,-1.0
-1.0,-1.0
-1.0,-1.0
-1.0,-1.0
-1.0,-1.0
-1.0,-1.0
-1.0,-1.0
-1.0,-1.0
-1.0,-1.0
-1.0,-1.0
-1.0,-1.0
-1.0,-1.0
-1.0,-1.0
-1.0,-1.0
-1.0,-1.0
6485.77463278105,0.004027605056762695
55523.44201004996,0.007135629653930664
116326.22873864017,0.00801396369934082
8528103.620542048,0.005991458892822266
45159.29831047902,0.0029859542846679688
547.865412367502,0.003385782241821289
3536.730890679197,0.003978729248046875
17095.227012714025,0.006924867630004883
18699.73087793801,0.002584695816040039
2276.132850574778,0.009727001190185547
5443.648345948853,0.010698556900024414
-1.0,-1.0
-1.0,-1.0
64728.77799091984,0.015974760055541992
-1.0,-1.0
-1.0,-1.0
-1.0,-1.0
-1.0,-1.0
194865.20131905336,0.007441997528076172
774.1488978010011,0.009548425674438477
2645.8665077471546,0.018228769302368164
-1.0,-1.0
-1.0,-1.0
-1.0,-1.0
-1.0,-1.0
-1.0,-1.0
-1.0,-1.0
-1.0,-1.0
-1.0,-1.0
-1.0,-1.0
-1.0,-1.0
-1.0,-1.0
-1.0,-1.0
-1.0,-1.0
-1.0,-1.0
-1.0,-1.0
161355.96638402078,0.002879619598388672
71726.25098415608,0.007133960723876953
190542.86282493142,0.008149862289428711
43572.15865330446,0.006050825119018555
164877.64025331172,0.002275705337524414
10586.186444198274,0.0022301673889160156
85572.76141160358,0.0029544830322265625
21676.450044197165,0.007835626602172852
132.98480809537418,0.002318143844604492
59693.41215697298,0.008795738220214844
173632.9913859047,0.009545564651489258
-1.0,-1.0
-1.0,-1.0
106026.01665407913,0.016166210174560547
-1.0,-1.0
-1.0,-1.0
-1.0,-1.0
-1.0,-1.0
42120.50550237758,0.006737470626831055
20168.228112244735,0.008229255676269531
88051.75791860773,0.017232179641723633
-1.0,-1.0
-1.0,-1.0
-1.0,-1.0
-1.0,-1.0
-1.0,-1.0
-1.0,-1.0
-1.0,-1.0
-1.0,-1.0
-1.0,-1.0
-1.0,-1.0
-1.0,-1.0
-1.0,-1.0
-1.0,-1.0
-1.0,-1.0
-1.0,-1.0
1724.0533376344079,0.004918336868286133
49783.37663919927,0.007198333740234375
71543.103299336,0.008150815963745117
8484009.80938403,0.00601959228515625
33539.330398431186,0.0034766197204589844
132.5795886412626,0.004403114318847656
593.1865576961766,0.004831075668334961
9525.232394515562,0.007052183151245117
15920.272413878749,0.0030143260955810547
464.2312988011622,0.010351419448852539
825.0039191036799,0.01125478744506836
-1.0,-1.0
-1.0,-1.0
35879.535291842505,0.01600337028503418
-1.0,-1.0
-1.0,-1.0
-1.0,-1.0
-1.0,-1.0
82673.89383977604,0.007929801940917969
95.67610768503626,0.010312795639038086
283.2530246864039,0.019108057022094727
-1.0,-1.0
-1.0,-1.0
-1.0,-1.0
-1.0,-1.0
-1.0,-1.0
-1.0,-1.0
-1.0,-1.0
-1.0,-1.0
-1.0,-1.0
-1.0,-1.0
-1.0,-1.0
-1.0,-1.0
-1.0,-1.0
-1.0,-1.0
-1.0,-1.0
174305.0,0.0016808509826660156
73405.47740791025,0.006620883941650391
659120.7888869796,0.008076667785644531
874879.5781551563,0.008292913436889648
15832700.148186747,0.005373239517211914
11102.0,0.0009093284606933594
303187.0,0.0016999244689941406
327152.0,0.0017828941345214844
81745.72042942044,0.0064601898193359375
340274.05883738375,0.005676746368408203
1191676.7640468134,0.00813603401184082
73405.47740791025,0.006594181060791016
659120.7888869796,0.00814676284790039
874879.5781551563,0.00824117660522461
-1.0,-1.0
395942.9898429853,0.015526294708251953
1250815.8089080807,0.014336347579956055
-1.0,-1.0
3605919.1176696536,0.0172727108001709
-1.0,-1.0
-1.0,-1.0
81745.72042942044,0.00644993782043457
340274.05883738375,0.005624532699584961
1191676.7640468134,0.00810551643371582
1964873.3336458898,0.01390838623046875
395942.9898429853,0.01551055908203125
1250815.8089080807,0.01417398452758789
-1.0,-1.0
3605919.1176696536,0.01718926429748535
-1.0,-1.0
-1.0,-1.0
8748601.59370635,0.025313854217529297
-1.0,-1.0
-1.0,-1.0
-1.0,-1.0
1964873.3336458898,0.013853311538696289
8748601.59370635,0.025133371353149414
-1.0,-1.0
-1.0,-1.0
-1.0,-1.0
-1.0,-1.0
-1.0,-1.0
60983.17584498754,0.0026094913482666016
52118.41106588543,0.006598234176635742
510064.69034507335,0.00814509391784668
677200.6574763657,0.008293628692626953
12252232.723607846,0.005396366119384766
3464.736683069242,0.0017113685607910156
137214.01525472495,0.002620220184326172
139510.26670904292,0.0026328563690185547
75001.07262602024,0.006532430648803711
312277.0957714993,0.0055942535400390625
1191975.455464417,0.008041620254516602
20478.725427352252,0.0075092315673828125
228729.14818522762,0.009079456329345703
269741.5191672353,0.009221792221069336
-1.0,-1.0
281122.338985955,0.015512704849243164
888310.7184456307,0.014294862747192383
-1.0,-1.0
2791162.187648435,0.017168760299682617
-1.0,-1.0
-1.0,-1.0
27456.38174177685,0.007371187210083008
48387.41950660061,0.00656890869140625
487949.3948918513,0.009055614471435547
1803208.0972797095,0.013763666152954102
109600.95401374069,0.0164492130279541
131087.9570659927,0.015218734741210938
-1.0,-1.0
1033451.5703366875,0.018279075622558594
-1.0,-1.0
-1.0,-1.0
6213126.274670377,0.0250399112701416
-1.0,-1.0
-1.0,-1.0
-1.0,-1.0
189671.3704535672,0.014720439910888672
754514.3428244636,0.026247024536132812
-1.0,-1.0
-1.0,-1.0
-1.0,-1.0
-1.0,-1.0
-1.0,-1.0
4520.049264214814,0.004742622375488281
73140.64425381596,0.0067636966705322266
656742.805068687,0.00809168815612793
694299.3039183046,0.008299589157104492
15598766.052057235,0.005501985549926758
224.02379603899027,0.0037631988525390625
8714.229081785119,0.004651308059692383
7044.592737674923,0.004665851593017578
81745.72042942044,0.006463050842285156
271017.27746633225,0.005639314651489258
949131.9829531892,0.008191347122192383
1191.4685165045178,0.009901762008666992
16222.937457387781,0.011425256729125977
15218.168133240153,0.011477947235107422
-1.0,-1.0
394514.5020169482,0.015528678894042969
992640.0925784064,0.014333248138427734
-1.0,-1.0
2861636.2707459917,0.01721358299255371
-1.0,-1.0
-1.0,-1.0
1697.7741364099588,0.009599447250366211
2372.846698602378,0.008901834487915039
24042.45644484237,0.01137089729309082
1564958.0319767864,0.013839960098266602
6497.971716281825,0.01884627342224121
5337.445901747596,0.017462730407714844
-1.0,-1.0
54314.6882596815,0.02040410041809082
-1.0,-1.0
-1.0,-1.0
6942838.932847584,0.02516627311706543
-1.0,-1.0
-1.0,-1.0
-1.0,-1.0
8409.96474588537,0.017325639724731445
29199.554658489422,0.02842116355895996
-1.0,-1.0
-1.0,-1.0
-1.0,-1.0
-1.0,-1.0
-1.0,-1.0
174305.0,0.0019068717956542969
73405.47740791025,0.006640195846557617
199953.47319861615,0.008097171783447266
90097.47110708592,0.008304357528686523
15832700.148186747,0.0053517818450927734
11102.0,0.001149892807006836
91976.0,0.0019502639770507812
33691.0,0.001941680908203125
24798.703051965866,0.006444215774536133
35042.34519822681,0.005496978759765625
37229.459913256425,0.008064746856689453
73405.47740791025,0.0068225860595703125
199953.47319861615,0.00849461555480957
90097.47110708592,0.008653640747070312
-1.0,-1.0
120114.8216572558,0.015517711639404297
128812.40346359536,0.014197111129760742
-1.0,-1.0
112653.38495469202,0.017071008682250977
-1.0,-1.0
-1.0,-1.0
24798.703051965866,0.00664067268371582
35042.34519822681,0.005803346633911133
37229.459913256425,0.008305072784423828
61385.0795925417,0.013791561126708984
120114.8216572558,0.01563239097595215
128812.40346359536,0.014394521713256836
-1.0,-1.0
112653.38495469202,0.017244577407836914
-1.0,-1.0
-1.0,-1.0
273317.1629728504,0.024990081787109375
-1.0,-1.0
-1.0,-1.0
-1.0,-1.0
61385.0795925417,0.014001131057739258
273317.1629728504,0.025474071502685547
-1.0,-1.0
-1.0,-1.0
-1.0,-1.0
-1.0,-1.0
-1.0,-1.0
134525.90489168683,0.0021517276763916016
56805.281725256245,0.006643056869506836
1754.6843104417783,0.008109569549560547
678918.3168446019,0.008235454559326172
11920226.840684637,0.005433082580566406
10621.141732625903,0.0012652873992919922
1041.6238721120003,0.0021877288818359375
320528.850221797,0.002125978469848633
281.2151787770766,0.006464958190917969
341222.63913540944,0.005532503128051758
4110.940586589399,0.00803518295288086
55101.18334642739,0.007088899612426758
1747.084581936995,0.008616924285888672
637146.3289990041,0.008838415145874023
-1.0,-1.0
1054.063176007676,0.01544332504272461
970649.8869903794,0.014249324798583984
-1.0,-1.0
9626.290431028207,0.017052888870239258
-1.0,-1.0
-1.0,-1.0
268.35940339048267,0.0069599151611328125
238424.35658041865,0.006108522415161133
3946.7119485769667,0.008468151092529297
6778.245392116069,0.013909339904785156
1007.5342136938976,0.016173362731933594
606202.3891959431,0.014799356460571289
-1.0,-1.0
8585.923815151435,0.017706871032714844
-1.0,-1.0
-1.0,-1.0
23355.093960288,0.025397777557373047
-1.0,-1.0
-1.0,-1.0
-1.0,-1.0
3802.984539982286,0.014394521713256836
11378.398527996858,0.025598764419555664
-1.0,-1.0
-1.0,-1.0
-1.0,-1.0
-1.0,-1.0
-1.0,-1.0
71569.63114653788,0.003447294235229492
73271.6786558917,0.006695747375488281
615508.1105974942,0.008322477340698242
5781.823442043934,0.008358240127563477
15803841.327350534,0.005461692810058594
4899.547065293556,0.002744436264038086
127773.23164371747,0.0036211013793945312
966.1246989544215,0.0035774707794189453
76476.16864246588,0.0065081119537353516
2252.8782078109666,0.005586862564086914
7381.224940927718,0.008111715316772461
23974.12180165974,0.008519411087036133
244278.50363271753,0.010155677795410156
2189.085963796153,0.010155200958251953
-1.0,-1.0
369744.2497514175,0.015541553497314453
8266.276120964983,0.014310359954833984
-1.0,-1.0
22294.288874007398,0.01720142364501953
-1.0,-1.0
-1.0,-1.0
32433.422204582766,0.008461475372314453
924.2214896396,0.0074977874755859375
3212.319127170204,0.010019540786743164
12170.390909376742,0.013935327529907227
121583.46506226642,0.01742410659790039
2462.228319744324,0.01633596420288086
-1.0,-1.0
7646.286610515338,0.01890110969543457
-1.0,-1.0
-1.0,-1.0
54089.91294839112,0.02555680274963379
-1.0,-1.0
-1.0,-1.0
-1.0,-1.0
4588.346052954248,0.01587986946105957
13443.432117373004,0.027541637420654297
-1.0,-1.0
-1.0,-1.0
-1.0,-1.0
-1.0,-1.0
-1.0,-1.0
15776.325111327917,0.0038433074951171875
659120.7888869796,0.008135795593261719
877318.4755951155,0.008244752883911133
28954.254937068898,0.003992319107055664
29263.432805797504,0.003937482833862305
357729.21167663124,0.005339384078979492
8796.032682447285,0.002644062042236328
1194998.7954230872,0.013241052627563477
79851.0,0.0028238296508789062
58509.99755832757,0.015359878540039062
66822.00367726306,0.011517047882080078
-1.0,-1.0
-1.0,-1.0
3615971.3204234648,0.017980098724365234
99873.99108900923,0.010622978210449219
-1.0,-1.0
-1.0,-1.0
-1.0,-1.0
-1.0,-1.0
357729.21167663124,0.005571603775024414
248696.02032445473,0.019805431365966797
-1.0,-1.0
-1.0,-1.0
-1.0,-1.0
-1.0,-1.0
-1.0,-1.0
-1.0,-1.0
-1.0,-1.0
-1.0,-1.0
-1.0,-1.0
-1.0,-1.0
-1.0,-1.0
-1.0,-1.0
-1.0,-1.0
-1.0,-1.0
-1.0,-1.0
24208.617861414146,0.004125118255615234
507687.0668719575,0.008263826370239258
675753.5964532217,0.008317232131958008
58308.720189385844,0.0041882991790771484
59819.74188739257,0.004159212112426758
721155.1765567325,0.005334615707397461
7613.907603560004,0.003336191177368164
1194998.7954230872,0.008066177368164062
53884.90625455976,0.0031728744506835938
88371.5901315376,0.010669469833374023
105834.71659736967,0.010890960693359375
-1.0,-1.0
-1.0,-1.0
2785197.9553837017,0.017115354537963867
204830.02056804538,0.010559797286987305
-1.0,-1.0
-1.0,-1.0
-1.0,-1.0
-1.0,-1.0
28507.53461377315,0.006834745407104492
388268.90581211384,0.01974797248840332
-1.0,-1.0
-1.0,-1.0
-1.0,-1.0
-1.0,-1.0
-1.0,-1.0
-1.0,-1.0
-1.0,-1.0
-1.0,-1.0
-1.0,-1.0
-1.0,-1.0
-1.0,-1.0
-1.0,-1.0
-1.0,-1.0
-1.0,-1.0
-1.0,-1.0
33535.31727253164,0.0036962032318115234
199953.47319861615,0.008298397064208984
700958.3786977214,0.008366107940673828
19157.349277313155,0.003794431686401367
51580.65654569421,0.0037593841552734375
779609.5806947594,0.00525975227355957
7369.240954285518,0.0036313533782958984
289645.2202256722,0.008095264434814453
49527.0261866883,0.0036242008209228516
37347.07535474816,0.010268211364746094
115545.10410650939,0.01040029525756836
-1.0,-1.0
-1.0,-1.0
876443.4018219719,0.01721358299255371
53847.544042237416,0.010264158248901367
-1.0,-1.0
-1.0,-1.0
-1.0,-1.0
-1.0,-1.0
23779.340250371864,0.007250547409057617
129521.7016280598,0.01927781105041504
-1.0,-1.0
-1.0,-1.0
-1.0,-1.0
-1.0,-1.0
-1.0,-1.0
-1.0,-1.0
-1.0,-1.0
-1.0,-1.0
-1.0,-1.0
-1.0,-1.0
-1.0,-1.0
-1.0,-1.0
-1.0,-1.0
-1.0,-1.0
-1.0,-1.0
5361.713940454881,0.002546072006225586
659120.7888869796,0.008096456527709961
90097.47110708592,0.008234739303588867
9324.660909095746,0.002578258514404297
992.1819724915794,0.002527952194213867
112224.69393927736,0.005292415618896484
2386.4023564095464,0.002702951431274414
122722.10427416366,0.008106470108032227
72586.11147589063,0.0026230812072753906
20179.416927001872,0.00910496711730957
2573.053161610101,0.009127616882324219
-1.0,-1.0
-1.0,-1.0
371347.3278274573,0.017094850540161133
3494.9268990526452,0.00895237922668457
-1.0,-1.0
-1.0,-1.0
-1.0,-1.0
-1.0,-1.0
50605.09269700231,0.006199836730957031
9930.449662193456,0.01812267303466797
-1.0,-1.0
-1.0,-1.0
-1.0,-1.0
-1.0,-1.0
-1.0,-1.0
-1.0,-1.0
-1.0,-1.0
-1.0,-1.0
-1.0,-1.0
-1.0,-1.0
-1.0,-1.0
-1.0,-1.0
-1.0,-1.0
-1.0,-1.0
-1.0,-1.0
10595.472291631044,0.0034453868865966797
659120.7888869796,0.00827169418334961
3479.1727734504407,0.008424758911132812
19999.851340332458,0.0036139488220214844
84.57727157366895,0.003621816635131836
245797.77551347704,0.005240201950073242
6043.804073355246,0.001672983169555664
4738.994320758866,0.008193731307983398
79851.0,0.0015664100646972656
39150.78561076891,0.010106325149536133
194.2660934565914,0.010125398635864258
-1.0,-1.0
-1.0,-1.0
14339.819937179722,0.01714611053466797
300.7547910838678,0.0101318359375
-1.0,-1.0
-1.0,-1.0
-1.0,-1.0
-1.0,-1.0
245797.77551347704,0.005188703536987305
747.7706695053834,0.019019603729248047
-1.0,-1.0
-1.0,-1.0
-1.0,-1.0
-1.0,-1.0
-1.0,-1.0
-1.0,-1.0
-1.0,-1.0
-1.0,-1.0
-1.0,-1.0
-1.0,-1.0
-1.0,-1.0
-1.0,-1.0
-1.0,-1.0
-1.0,-1.0
-1.0,-1.0
8563.704387589873,0.0030183792114257812
510064.69034507335,0.008214235305786133
678748.6203768966,0.008282899856567383
19291.241153891664,0.002989530563354492
19482.736867450945,0.00299835205078125
236200.70656468294,0.005259990692138672
2448.8749286217417,0.002933979034423828
1194700.1040054837,0.008157730102539062
52905.183747108116,0.0029065608978271484
31900.129313124882,0.009576559066772461
36852.82901050915,0.00964045524597168
-1.0,-1.0
-1.0,-1.0
2797542.2988726995,0.017174959182739258
66972.21073785886,0.009558916091918945
-1.0,-1.0
-1.0,-1.0
-1.0,-1.0
-1.0,-1.0
8940.19926928629,0.006544351577758789
137972.47535709757,0.018398523330688477
-1.0,-1.0
-1.0,-1.0
-1.0,-1.0
-1.0,-1.0
-1.0,-1.0
-1.0,-1.0
-1.0,-1.0
-1.0,-1.0
-1.0,-1.0
-1.0,-1.0
-1.0,-1.0
-1.0,-1.0
-1.0,-1.0
-1.0,-1.0
-1.0,-1.0
25310921.94120724,0.0053768157958984375
158778.57609193798,0.00234222412109375
37834.539088559766,0.00241851806640625
24068407.295353703,0.0060803890228271484
2854985.699557107,0.00532078742980957
132693.11775336336,0.0018627643585205078
5929.789428745738,0.0018868446350097656
2854985.699557107,0.0055084228515625
259898413.90376592,0.005268096923828125
61908.58590338915,0.0030333995819091797
148277.84374903122,0.0030045509338378906
1655799.8618819811,0.006682395935058594
263013180.78158852,0.00516200065612793
68716.92907360417,0.003036975860595703
162875.71484936224,0.0030145645141601562
2243762.0709796483,0.006575822830200195
10974749.568655849,0.006098270416259766
168078.04385542916,0.0020821094512939453
34198.82202518974,0.0016241073608398438
10818604.56414703,0.0064542293548583984
11048463.171586312,0.005966901779174805
151846.93085896235,0.0021219253540039062
30719.172595209577,0.0017278194427490234
9820292.986113109,0.0065953731536865234
678918.3168446019,0.00823354721069336
47902.69324246223,0.002275228500366211
134887.0,0.001714944839477539
328064.0,0.0017163753509521484
-1.0,-1.0
678918.3168446019,0.008303403854370117
-1.0,-1.0
-1.0,-1.0
15667886.994633202,0.005464076995849609
73642.69895137109,0.002559661865234375
67924.11655300682,0.0024793148040771484
709486.9082012185,0.006392955780029297
12183951.38998362,0.005545377731323242
132366.37553813588,0.0019159317016601562
79602.00390273232,0.0018901824951171875
12183951.38998362,0.005757808685302734
54480770.01458172,0.004393815994262695
145216.61188821236,0.002733469009399414
49066.69277959835,0.0027589797973632812
1277898.194249155,0.005584239959716797
6582798.936594953,0.004446983337402344
186142.9550243812,0.002814769744873047
9225.708146779194,0.0027518272399902344
2087450.8626219102,0.005525827407836914
53354631.035909675,0.004453897476196289
178402.1693254341,0.0026488304138183594
64107.21172095397,0.0026268959045410156
4082713.40870539,0.005445957183837891
292054.24949712644,0.0023365020751953125
37824.64576615353,0.003060579299926758
-1.0,-1.0
1395322.239902393,0.005869150161743164
34789.0,0.0014319419860839844
46086.385282228126,0.0018916130065917969
1395322.239902393,0.006193876266479492
2742542.488530956,0.005875825881958008
27667.904193947867,0.001825094223022461
71891.5796294311,0.002264261245727539
1081894.6882775868,0.006587505340576172
659120.7888869796,0.008155584335327148
876847.8111768777,0.008425474166870117
174305.0,0.0017044544219970703
1194357.7016487184,0.008100509643554688
303187.0,0.0017158985137939453
327888.0,0.0017743110656738281
3614031.4216464134,0.017241954803466797
659120.7888869796,0.008129596710205078
876847.8111768777,0.008312463760375977
1194357.7016487184,0.008065938949584961
3614031.4216464134,0.01703786849975586
499082.63420704973,0.008358001708984375
536011.5454915292,0.008303165435791016
133288.21692734366,0.0018782615661621094
945426.9097587169,0.008155584335327148
300217.5743974542,0.001766204833984375
262116.0,0.0017421245574951172
2187597.3181031235,0.017180681228637695
499082.63420704973,0.008165597915649414
536011.5454915292,0.008328676223754883
945426.9097587169,0.00811767578125
2187597.3181031235,0.017107009887695312
1612552.14152497,0.005492448806762695
11026995.650771497,0.006030559539794922
163385.46330336382,0.0023446083068847656
78742.94825929435,0.006055593490600586
2475.4560384009146,0.002422332763671875
32512.984247417124,0.0018434524536132812
326203964.6300824,0.010755062103271484
1565323.2512233704,0.006105899810791016
10472210.891442139,0.006781816482543945
71612.92890451106,0.006703376770019531
320751438.5396619,0.011399507522583008
26261695.77108873,0.0052776336669921875
11051195.19298302,0.0060307979583740234
123961.22676065624,0.0023908615112304688
1276355.9799301934,0.006018161773681641
34849.78062560206,0.002444028854370117
28612.006893593203,0.001990079879760742
5305787242.065283,0.010645627975463867
7378185.540897765,0.0061419010162353516
3340172.177607922,0.00690150260925293
530607.2360494657,0.006783962249755859
676016462.6152653,0.011416912078857422
20369591.4632357,0.005242109298706055
8562841.472507926,0.005968332290649414
38285.48544745417,0.0027823448181152344
1280912.6755274665,0.0059261322021484375
19120.39073846485,0.002752542495727539
17553.048714723584,0.00238037109375
4120574660.561868,0.01060175895690918
99417.18740280371,0.00644230842590332
115655.80584093538,0.007245302200317383
40676.483712253685,0.007152557373046875
736317.2343015705,0.011739730834960938
77756.90149286937,0.0030677318572998047
877318.4755951155,0.008228063583374023
136927.9054929303,0.0030438899993896484
39848.609809669324,0.0023488998413085938
332277.7206104562,0.009652137756347656
-1.0,-1.0
-1.0,-1.0
-1.0,-1.0
116171.04269015028,0.0036559104919433594
675602.4533495221,0.008423328399658203
286734.9253734167,0.003754138946533203
85754.43428527092,0.0019600391387939453
495878.7356581408,0.010355234146118164
-1.0,-1.0
-1.0,-1.0
-1.0,-1.0
148174.16908452037,0.002399444580078125
1703542.7606600178,0.005301952362060547
42013.85707107122,0.0017044544219970703
79611.03567941612,0.0016341209411621094
-1.0,-1.0
-1.0,-1.0
1703542.7606600178,0.0052416324615478516
-1.0,-1.0
1276048.4811432303,0.005875825881958008
1056756.4164226404,0.005800008773803711
23046.99928084315,0.0020928382873535156
1714087.057890071,0.005251646041870117
25429.80102067395,0.0025522708892822266
66099.77899566026,0.002540111541748047
248715942.51243028,0.01030874252319336
125902.67675371729,0.00687718391418457
207543.65333219647,0.006807088851928711
181090.1785524023,0.006152153015136719
2858162.6724633495,0.01133871078491211
259252201.78705147,0.005285501480102539
11065158.857899532,0.005983591079711914
57261.10871345384,0.0027551651000976562
13898614.240958868,0.006033182144165039
138879.76556405268,0.0028486251831054688
17308.084935401614,0.00235748291015625
57236098185.39165,0.010467767715454102
1522318.964903347,0.0064487457275390625
170070.07535257557,0.0071735382080078125
359519.4464556041,0.00725865364074707
10908317.705889342,0.011731863021850586
202676527.9337491,0.005265712738037109
8526751.289384184,0.006068229675292969
71838.71315582427,0.002676725387573242
14100241.82928059,0.005919218063354492
194158.0804582052,0.002591848373413086
29816.91321483042,0.002153158187866211
44745670712.64012,0.010509729385375977
5227828.292703743,0.0063571929931640625
932300.8927885582,0.007050752639770508
1835715.4158117415,0.006928205490112305
177420274.87412816,0.011483192443847656
78313400.69191071,0.005264997482299805
10860561.530548899,0.006009578704833984
45930.221511551994,0.00397491455078125
4277504.782493681,0.005971670150756836
36091.48746287002,0.004006385803222656
11799.07952747893,0.003525972366333008
17289548402.431328,0.010513782501220703
263489.8526079846,0.00760197639465332
78367.5661998968,0.008443355560302734
47810.117260311745,0.008372306823730469
655922.3846629267,0.012824535369873047
160982.29242531682,0.006194353103637695
2179963.209207995,0.0055027008056640625
24298.55125891294,0.0019676685333251953
105415.64235216677,0.00593113899230957
3571.660466343432,0.0015475749969482422
77585.81094915271,0.001856088638305664
39719824.18297572,0.010888338088989258
160982.29242531682,0.006324052810668945
2179963.209207995,0.005701541900634766
105415.64235216677,0.006177663803100586
39719824.18297572,0.011074066162109375
1584618.1977578371,0.006029605865478516
2267367.788990104,0.005492448806762695
24156.2139779531,0.0020952224731445312
1056756.4164226404,0.00580143928527832
34100.82650349503,0.001596212387084961
78901.73367982535,0.0020036697387695312
402394378.0111843,0.010894536972045898
1558510.248251588,0.006469011306762695
2228179.0906403223,0.0058705806732177734
1017628.7454385813,0.006289005279541016
399559872.2649262,0.011216163635253906
49253.69356617148,0.007215261459350586
510064.69034507335,0.008224964141845703
676482.5516922959,0.00840616226196289
134887.0,0.0017278194427490234
65955.95855196257,0.007130622863769531
111139.33887601756,0.006813526153564453
9808.400951334292,0.0012426376342773438
1190711.480806997,0.008103370666503906
303187.0,0.0017566680908203125
326887.0,0.0017964839935302734
250750.6153243463,0.01613473892211914
306691.4557148806,0.015474557876586914
49253.69356617148,0.007196903228759766
2788202.4301687293,0.017151355743408203
510064.69034507335,0.00814056396484375
676482.5516922959,0.008313894271850586
429052.895459292,0.015092849731445312
65955.95855196257,0.007288455963134766
111139.33887601756,0.006775856018066406
1190711.480806997,0.008138656616210938
1869499.6223550632,0.026590824127197266
250750.6153243463,0.0161592960357666
306691.4557148806,0.015464067459106445
2788202.4301687293,0.017293453216552734
429052.895459292,0.01508951187133789
1869499.6223550632,0.02639913558959961
52369.078718103345,0.007201671600341797
510064.69034507335,0.008221149444580078
678918.3168446019,0.008258581161499023
134887.0,0.001758575439453125
70127.79215624164,0.0070819854736328125
118594.58649044372,0.0067005157470703125
10428.800041748264,0.0012176036834716797
1194998.7954230872,0.0080108642578125
303187.0,0.0017118453979492188
328064.0,0.0016949176788330078
266611.04501516203,0.016079425811767578
327264.3758591503,0.015435218811035156
52369.078718103345,0.007146120071411133
2798241.72283044,0.01708221435546875
510064.69034507335,0.008077859878540039
678918.3168446019,0.008423566818237305
457833.8438407095,0.015135049819946289
70127.79215624164,0.00718235969543457
118594.58649044372,0.006758689880371094
1194998.7954230872,0.010458230972290039
1994906.0062753542,0.028169631958007812
266611.04501516203,0.01642584800720215
327264.3758591503,0.015582561492919922
2798241.72283044,0.017327547073364258
457833.8438407095,0.015209674835205078
1994906.0062753542,0.026224613189697266
65160.927953567436,0.007162332534790039
593414.5247885473,0.008175849914550781
876211.3445203971,0.008324384689331055
174305.0,0.001730203628540039
60793.326220422285,0.007069110870361328
114048.35847974023,0.006721019744873047
10041.692489454566,0.0012309551239013672
1074514.3665416155,0.008104562759399414
272962.97212970426,0.0017886161804199219
327650.0,0.0017771720886230469
298664.5151043006,0.016073942184448242
406689.2156056537,0.015390634536743164
65160.927953567436,0.0071828365325927734
3251395.0203789487,0.017221689224243164
593414.5247885473,0.008239984512329102
876211.3445203971,0.00828695297241211
396392.3180748558,0.015049457550048828
60793.326220422285,0.007103443145751953
114048.35847974023,0.00680088996887207
1074514.3665416155,0.008168458938598633
2231924.6234773495,0.02633380889892578
298664.5151043006,0.016088247299194336
406689.2156056537,0.015610694885253906
3251395.0203789487,0.017411231994628906
396392.3180748558,0.015229940414428711
2231924.6234773495,0.026581525802612305
62304.87431725055,0.0072710514068603516
659120.7888869796,0.008243322372436523
874879.5781551563,0.008470535278320312
174305.0,0.0017085075378417969
64565.05229925348,0.007153511047363281
108883.78515923071,0.006846189498901367
9601.557377049181,0.0012102127075195312
1191676.7640468134,0.008211374282836914
303187.0,0.0017151832580566406
327152.0,0.0017862319946289062
317194.19279221015,0.0163726806640625
388272.6745817071,0.015743255615234375
62304.87431725055,0.007241725921630859
3605919.1176696536,0.017314434051513672
659120.7888869796,0.00813603401184082
874879.5781551563,0.008396148681640625
420345.3409350479,0.015107154846191406
64565.05229925348,0.0071222782135009766
108883.78515923071,0.0067331790924072266
1191676.7640468134,0.008149385452270508
2366794.395394278,0.026241540908813477
317194.19279221015,0.016005516052246094
388272.6745817071,0.015515565872192383
3605919.1176696536,0.01710820198059082
420345.3409350479,0.015165090560913086
2366794.395394278,0.026576995849609375
261842207.2176985,0.0052642822265625
15762210.626469888,0.005468130111694336
54280.38830110362,0.002860546112060547
16234227.872500002,0.005130767822265625
135614.43988672964,0.002849102020263672
59139.31843437195,0.0027348995208740234
79271820702.4402,0.009957075119018555
1322163.9404549606,0.006439208984375
309954.22087614675,0.00670623779296875
664191.0758929694,0.0062868595123291016
16575516.278564198,0.011174678802490234
75808158.96118818,0.0052449703216552734
15642960.454379018,0.005419015884399414
62734.8963793349,0.003179788589477539
4623107.950710476,0.005282402038574219
41702.56752642107,0.003266572952270508
59392.66003422565,0.003172636032104492
22675615808.16116,0.010005950927734375
680867.6516244756,0.006857156753540039
470460.30554745905,0.0069866180419921875
253772.08816302943,0.006789684295654297
11281521.593306756,0.011495351791381836
258064881.0862138,0.005242347717285156
15155186.106738327,0.005448818206787109
69730.43288865365,0.002514362335205078
15837496.462489337,0.00516510009765625
161667.09409296233,0.002505779266357422
65138.67044247361,0.0025212764739990234
76218953307.72742,0.010021209716796875
2554001.4500311203,0.006124258041381836
550860.2414971075,0.006367683410644531
1039762.0611987885,0.006050586700439453
39940102.63677799,0.010984420776367188
12304923.113289021,0.0052759647369384766
759548.1405532692,0.005450725555419922
3563.3063592737217,0.0023641586303710938
15831888.06002893,0.005164384841918945
167128.26221879618,0.0024225711822509766
68279.35816910921,0.0023169517517089844
3725272824.266155,0.01008296012878418
140855.24189985104,0.006023883819580078
30710.33806168442,0.006174564361572266
1182421.3444425927,0.005939960479736328
2652627.71365447,0.01079559326171875
141193.91652115626,0.0021736621856689453
952010.3590932454,0.008204460144042969
122422.06210573632,0.0021333694458007812
19905.80585365443,0.0027692317962646484
444639.2868280365,0.008577585220336914
-1.0,-1.0
-1.0,-1.0
-1.0,-1.0
60681.921086522656,0.003451824188232422
1117988.4802273335,0.00819253921508789
64998.37121573796,0.003453969955444336
10181.513874705826,0.0027773380279541016
212386.9155498776,0.009879350662231445
-1.0,-1.0
-1.0,-1.0
-1.0,-1.0
5535005.107214114,0.004400014877319336
36587.935718792796,0.002292633056640625
3708275.6687802887,0.005246877670288086
23041.890185270055,0.002263307571411133
1623417.5039807989,0.005248546600341797
65472.78066214667,0.0022635459899902344
224282.2199950082,0.00508570671081543
1244475082.0905797,0.010109901428222656
220264.4268810848,0.006022930145263672
133501.45833454203,0.005750179290771484
2511207.389607924,0.009869813919067383
53976339.76428453,0.0043790340423583984
258166.11410335524,0.002264261245727539
16194466.305327091,0.004977226257324219
85043.31427249569,0.002166271209716797
3643140.329574687,0.005022287368774414
76799.23476584625,0.0019834041595458984
48016204.06147455,0.004765033721923828
12166034954.90548,0.009084463119506836
14057508.091911335,0.005438804626464844
3265034.224827722,0.005507230758666992
11347003042.591175,0.009488105773925781
1001247.1105328957,0.004467964172363281
42171.413100921236,0.0026290416717529297
4551234.026665761,0.005282402038574219
3229.5824269806285,0.00255584716796875
236751.43149993583,0.0051670074462890625
62996.8555058328,0.002486705780029297
21342.764568281626,0.005460262298583984
223927588.34373006,0.009078025817871094
239215.34178012214,0.006178379058837891
17810.734414504783,0.00612187385559082
248710.02030467894,0.010147571563720703
28136681.735991508,0.004368782043457031
279157.2170792341,0.0016512870788574219
16078613.32906608,0.005026340484619141
47032.25754544664,0.0015528202056884766
1912772.8400417694,0.005179166793823242
79851.0,0.0015375614166259766
28136681.735991508,0.004347085952758789
6341887112.205166,0.009005308151245117
16078613.32906608,0.0050640106201171875
1912772.8400417694,0.004990816116333008
6341887112.205166,0.009086847305297852
3632398.152866317,0.004302263259887695
281460.8738157062,0.001832723617553711
16234227.872500002,0.004976987838745117
6005.089321867018,0.002043008804321289
244568.72412682045,0.005088329315185547
79738.21036425288,0.0017857551574707031
3627267.386006161,0.004521369934082031
818726929.0747079,0.00907588005065918
16211297.00565582,0.0052449703216552734
244223.2705030787,0.005276918411254883
817570476.2800442,0.009292364120483398
14064568.29997441,0.0058667659759521484
154919.0565320167,0.0028858184814453125
16204013.613456376,0.005049705505371094
19394.623271303146,0.0020546913146972656
1052121.0274320834,0.005747795104980469
64538.61077440583,0.0025339126586914062
485060.34117909486,0.007020235061645508
3122402470.448672,0.010132551193237305
941250.6004981168,0.006043910980224609
126730.49444157296,0.006697893142700195
6194951.205588087,0.011126518249511719
1995045.3130629454,0.00588679313659668
11377.641419202368,0.004598855972290039
2272469.421983379,0.005125284194946289
9575.103058619758,0.0038819313049316406
1044357.0304391637,0.005733013153076172
40318.948072895975,0.004506349563598633
11208.031463267545,0.008582830429077148
438764449.79857856,0.010253667831420898
30110.15926172207,0.007600545883178711
30705.781489428133,0.008699655532836914
41051.60625358575,0.013158082962036133
14100241.82928059,0.005759716033935547
281859.0,0.0017876625061035156
16234227.872500002,0.0049746036529541016
34789.0,0.0013799667358398438
1056756.4164226404,0.005846500396728516
79851.0,0.0017747879028320312
14100241.82928059,0.005977630615234375
3136159015.236045,0.01013946533203125
16234227.872500002,0.005168914794921875
1056756.4164226404,0.006066799163818359
3136159015.236045,0.010250568389892578
19175.239234269928,0.002307415008544922
46543.21675805772,0.007283687591552734
510064.69034507335,0.008038997650146484
542440.9674272083,0.008200883865356445
1317.0344173679784,0.001692056655883789
43113.23750848301,0.00226593017578125
36978.64868768463,0.002307415008544922
62326.34048541434,0.008910655975341797
84213.4157290658,0.007710695266723633
954778.0441045585,0.008598089218139648
6601.732890802404,0.008191347122192383
72464.78929911971,0.009089469909667969
76157.54875358082,0.009010076522827148
236951.5745164972,0.016031503677368164
232388.77720409812,0.01512598991394043
2235734.2695980775,0.016714811325073242
8832.071826255,0.0075931549072265625
11612.459295762957,0.007092952728271484
133765.00683953683,0.008521080017089844
325105.4956821377,0.014629840850830078
33599.07519910977,0.01643085479736328
32073.084383089332,0.015645742416381836
313085.9557323175,0.017356395721435547
1416572.6600042903,0.02560567855834961
44144.3738268635,0.015250682830810547
196043.97163337277,0.026375293731689453
20365.767374498457,0.003159046173095703
63216.871280398984,0.007070064544677734
642013.5220970084,0.008210182189941406
871629.8397179832,0.008138895034790039
1110.5704684689515,0.002521514892578125
34836.18979441223,0.003087759017944336
35525.89004563009,0.003082275390625
64450.52450428411,0.007079601287841797
111172.35452481634,0.006676673889160156
1168046.8350349905,0.008074045181274414
7085.242628972998,0.008597135543823242
73915.9530660729,0.009554386138916016
86571.6911109199,0.009651660919189453
315053.83594520035,0.015798091888427734
394458.225154734,0.015103578567504883
3516805.597401517,0.0168609619140625
7017.2977574508795,0.008473873138427734
8816.869492124539,0.008046150207519531
118170.08318812805,0.009412288665771484
420134.5546302111,0.014824390411376953
34360.24114433095,0.017060518264770508
29315.49493172888,0.016454458236694336
312499.2358789156,0.018277406692504883
2353820.232554529,0.025657176971435547
27120.763326987442,0.01623368263244629
147010.9614291137,0.027535200119018555
36637.84031016451,0.0030243396759033203
71727.64166257098,0.007041454315185547
656251.026538679,0.008105278015136719
697906.4586296116,0.008206605911254883
2316.3843468923255,0.0023207664489746094
64015.36023283458,0.002958059310913086
53303.36615741415,0.0029931068420410156
74654.68178523812,0.006882190704345703
100871.08763866291,0.006529569625854492
954778.0441045585,0.008011817932128906
14910.857755143896,0.008373498916625977
137543.95308945517,0.009296894073486328
137521.87313938004,0.009537935256958008
365165.5130897005,0.01573348045349121
358133.7969042041,0.01504826545715332
2876503.5832981053,0.016728639602661133
15374.220277267263,0.008223295211791992
17914.24122948949,0.00783848762512207
187644.20316697334,0.009233236312866211
389412.3598105673,0.014725685119628906
75169.54207710591,0.01721930503845215
62938.274778018866,0.01641225814819336
531379.0677422559,0.018294811248779297
2183076.788051872,0.029113054275512695
62244.807684373,0.017192602157592773
342401.2932889428,0.02770066261291504
166737.1440077848,0.002438068389892578
67149.85682910471,0.006754875183105469
651279.8436565847,0.008361577987670898
52600.270178344894,0.002816915512084961
10058.616398837496,0.0015370845794677734
298476.71777470614,0.0024280548095703125
74328.59569336276,0.00657963752746582
59833.74497482961,0.0075626373291015625
617754.9130596588,0.009096145629882812
-1.0,-1.0
358953.1219251446,0.01581096649169922
-1.0,-1.0
-1.0,-1.0
72737.05121020033,0.007333040237426758
320163.27957521455,0.016558408737182617
-1.0,-1.0
-1.0,-1.0
-1.0,-1.0
-1.0,-1.0
1227543.3865917772,0.005365610122680664
12450470.152563134,0.005387067794799805
2821.273924028948,0.006089687347412109
3919.396629665068,0.0025551319122314453
24513207.247469082,0.004551410675048828
6617.916319873831,0.006075143814086914
27252.949617909424,0.002592802047729492
73947.20519796835,0.0060384273529052734
165305.4033649924,0.002613067626953125
117.00351759161974,0.002227783203125
6009019221.054016,0.009402036666870117
1319774.1056775476,0.010687589645385742
75333.22959557983,0.006237983703613281
14609003.784131221,0.010643243789672852
333455.49522961065,0.00616002082824707
147.62927212067598,0.0071947574615478516
26265872.343403358,0.009191274642944336
1792492.6323519645,0.005394935607910156
743.796366342654,0.006936311721801758
4611.30620550918,0.006997823715209961
8610139768.519535,0.015024900436401367
28719281.92685948,0.010351181030273438
3814.6625610925453,0.011627674102783203
20727.060410025068,0.01136469841003418
100345.32931567772,0.010195493698120117
1020033.9799209314,0.016015291213989258
12172325.743686285,0.005270957946777344
76793943.03674561,0.0053501129150390625
55426.59405887167,0.0060994625091552734
37461.09732812026,0.0029659271240234375
3450473.560877739,0.004521608352661133
2967.095739541724,0.006166219711303711
7422.719446869293,0.0029633045196533203
20622.274049037813,0.006043434143066406
31114.047770297362,0.0030231475830078125
66.46557744320226,0.002646923065185547
17631198792.923138,0.009382963180541992
12334159.880465118,0.010708808898925781
24805.911774098902,0.006617546081542969
84924905.59226793,0.010645627975463867
113741.54245844902,0.006636619567871094
318.28421126688215,0.0075991153717041016
3484525.536094902,0.009186506271362305
75147.6232967566,0.006045103073120117
44.74869321080913,0.007534503936767578
211.67636645873918,0.007546901702880859
23810126664.450634,0.015103816986083984
659992.8162597404,0.011656522750854492
300.54710952579956,0.012146949768066406
1585.229581052721,0.011718511581420898
1403.059198110814,0.010425329208374023
13792.91149054635,0.01616692543029785
263013180.78158852,0.005064249038696289
15406839.588526875,0.0053310394287109375
58659.795465616866,0.006022214889526367
48967.406575903275,0.0034041404724121094
15797567.208006807,0.005113363265991211
74749.69969643475,0.005936622619628906
123496.20915352074,0.0032601356506347656
5451.50429424566,0.005910396575927734
53225.67776235352,0.0032320022583007812
71.5269746591163,0.002965688705444336
77484577157.08682,0.009850740432739258
307827893.988553,0.010381221771240234
1003777.2526892632,0.0068264007568359375
14495272.484681176,0.010787010192871094
247599.77633921357,0.007050752639770508
522.0761719726715,0.007876873016357422
16178547.935268775,0.010198116302490234
540327.485691671,0.006848335266113281
1054.41384365082,0.007709026336669922
324.3345526386085,0.007630825042724609
94324902567.72258,0.015487432479858398
9755376.703995373,0.011435508728027344
18892.55363063424,0.012027740478515625
3398.637684466376,0.012410640716552734
7666.280936181156,0.013387441635131836
219020.07694470446,0.018278121948242188
5829875.053707728,0.0053288936614990234
197357161.0225915,0.0053288936614990234
12252232.723607846,0.005400896072387695
11373.470531660458,0.004138946533203125
7092017.619165766,0.004510641098022461
492450.0120912758,0.005317211151123047
1947.1448237195239,0.004349470138549805
15741523.52915897,0.00517582893371582
41709.280537072744,0.004235506057739258
23606.61697322276,0.004066944122314453
28043563235.500015,0.009382486343383789
1565033811.4973598,0.010107994079589844
2863.5182565548616,0.008147954940795898
59749196468.9947,0.009937524795532227
59483.763637704884,0.007861852645874023
29028.38926735293,0.00786590576171875
1598510284.9205756,0.009198427200317383
9841.33300779785,0.007032155990600586
4649.546451346093,0.007968902587890625
97195.65148318348,0.007714271545410156
9666612244106.625,0.014799833297729492
19715.980818186003,0.011912345886230469
7347.868007568501,0.01269984245300293
147508.50453967915,0.012489080429077148
23811.300678517895,0.011749505996704102
70209.31636771976,0.017392396926879883
88971.69486326104,0.005353212356567383
203534373.17395443,0.0053255558013916016
12252232.723607846,0.005403757095336914
132693.11775336336,0.0016393661499023438
111621.35684040209,0.00445246696472168
7515.446181531623,0.005373477935791016
184.79371568817345,0.0016942024230957031
16234227.872500002,0.00512385368347168
281859.0,0.0016160011291503906
79851.0,0.0015828609466552734
441378003.70472574,0.009352445602416992
23884510.293007433,0.010008811950683594
88971.69486326104,0.005421161651611328
61619326037.894394,0.009848833084106445
203534373.17395443,0.0052530765533447266
12252232.723607846,0.005339145660400391
25158974.005363632,0.00917363166809082
111621.35684040209,0.00449681282043457
7515.446181531623,0.0053539276123046875
16234227.872500002,0.005153179168701172
152142934871.07104,0.014771223068237305
441378003.70472574,0.009433746337890625
23884510.293007433,0.010120391845703125
61619326037.894394,0.009955167770385742
25158974.005363632,0.009177446365356445
152142934871.07104,0.014747142791748047
1698290.8048661973,0.00555109977722168
255444033.57954,0.005261421203613281
15377057.43981983,0.00548863410949707
57356.248714088964,0.002834796905517578
1697655.217650943,0.004454851150512695
114302.82505250772,0.005201101303100586
1509.060486792232,0.0028433799743652344
16234227.872500002,0.0052013397216796875
143434.02140567644,0.002782106399536133
61372.54541281619,0.0027120113372802734
8425018836.765584,0.009437799453735352
455907289.0730794,0.010168313980102539
18313.401668096463,0.006638288497924805
77334795809.25522,0.009902238845825195
1644155.4467485247,0.006469011306762695
367803.326023861,0.006623506546020508
382644188.35204834,0.009205818176269531
38314.47745968669,0.00555109977722168
8347.019731007505,0.006494998931884766
780983.8262759646,0.006432771682739258
2904102790376.205,0.01486515998840332
1890445.1894095058,0.010570526123046875
260742.5150479682,0.011332273483276367
22708473.99799513,0.011108636856079102
521816.27907778276,0.010303974151611328
38763728.31297214,0.015918731689453125
58400.972570086335,0.006969451904296875
9738.899083824508,0.0039806365966796875
385.95518096802533,0.003216266632080078
5543.462073601891,0.0017540454864501953
225449.17568418692,0.00534367561340332
79851.0,0.0016510486602783203
2271.3370367818657,0.009192943572998047
-1.0,-1.0
-1.0,-1.0
-1.0,-1.0
-1.0,-1.0
225449.17568418692,0.005366086959838867
-1.0,-1.0
-1.0,-1.0
-1.0,-1.0
-1.0,-1.0
-1.0,-1.0
592.8442637209707,0.0008766651153564453
90104.37044446377,0.0018911361694335938
2728021.1113030426,0.005831480026245117
3635323.970863266,0.005224704742431641
34789.0,0.0014722347259521484
79215.47882988377,0.001875162124633789
1048345.8633388624,0.005959033966064453
-1.0,-1.0
-1.0,-1.0
-1.0,-1.0
2728021.1113030426,0.00614166259765625
3635323.970863266,0.005461215972900391
527489559.87349516,0.010360956192016602
1048345.8633388624,0.0062067508697509766
-1.0,-1.0
-1.0,-1.0
-1.0,-1.0
527489559.87349516,0.01053166389465332
-1.0,-1.0
167532.87037922937,0.002627849578857422
66077.2411288268,0.006846189498901367
877318.4755951155,0.008396387100219727
7066.596890021307,0.0018472671508789062
293481.54777333216,0.0027246475219726562
3502014.21678408,0.0052602291107177734
88446.84161085502,0.0018947124481201172
307157.60459498636,0.0057146549224853516
77740.68515492309,0.0019528865814208984
53045.93019599097,0.007735729217529297
706485.2212746711,0.00931692123413086
-1.0,-1.0
-1.0,-1.0
1129082.8015701117,0.014383077621459961
82882.23523336487,0.0065500736236572266
-1.0,-1.0
-1.0,-1.0
-1.0,-1.0
-1.0,-1.0
3502014.21678408,0.005514860153198242
257537.08297526484,0.01514124870300293
-1.0,-1.0
-1.0,-1.0
-1.0,-1.0
-1.0,-1.0
-1.0,-1.0
-1.0,-1.0
-1.0,-1.0
-1.0,-1.0
-1.0,-1.0
-1.0,-1.0
-1.0,-1.0
-1.0,-1.0
-1.0,-1.0
-1.0,-1.0
-1.0,-1.0
3927.69367028394,0.0031280517578125
49924.591841900394,0.006781339645385742
510064.69034507335,0.008126974105834961
670671.4824079501,0.008929729461669922
12052332.220750503,0.006171226501464844
132693.11775336336,0.0017821788787841797
261.3293675072166,0.0025229454040527344
9293.976028903022,0.003283262252807617
9566.11825120403,0.0033135414123535156
71844.05399131052,0.007248640060424805
296248.3613647581,0.0059680938720703125
1180483.1210432071,0.009002447128295898
78548.19622425182,0.001971721649169922
1202.4293276142757,0.008869647979736328
14552.101489706152,0.009953975677490234
17724.517023528824,0.010109424591064453
-1.0,-1.0
-1.0,-1.0
269289.06205087376,0.0156857967376709
842715.006273883,0.01430368423461914
-1.0,-1.0
-1.0,-1.0
2764251.424396356,0.0183255672454834
-1.0,-1.0
-1.0,-1.0
-1.0,-1.0
-1.0,-1.0
12052332.220750503,0.005735158920288086
1947.107198578982,0.008307456970214844
5087.848295266292,0.00706934928894043
33680.09215215635,0.009409189224243164
1710652.0178785778,0.01356053352355957
6486.087885439188,0.016554832458496094
11485.982175527588,0.01533365249633789
-1.0,-1.0
-1.0,-1.0
66983.58810620404,0.018184423446655273
-1.0,-1.0
-1.0,-1.0
-1.0,-1.0
-1.0,-1.0
-1.0,-1.0
5894215.43477609,0.02459859848022461
-1.0,-1.0
-1.0,-1.0
-1.0,-1.0
-1.0,-1.0
-1.0,-1.0
-1.0,-1.0
-1.0,-1.0
-1.0,-1.0
-1.0,-1.0
24099.56153715074,0.014905452728271484
65518.24847854169,0.02602362632751465
-1.0,-1.0
-1.0,-1.0
-1.0,-1.0
-1.0,-1.0
-1.0,-1.0
-1.0,-1.0
-1.0,-1.0
-1.0,-1.0
-1.0,-1.0
-1.0,-1.0
-1.0,-1.0
-1.0,-1.0
-1.0,-1.0
-1.0,-1.0
-1.0,-1.0
-1.0,-1.0
-1.0,-1.0
-1.0,-1.0
-1.0,-1.0
-1.0,-1.0
-1.0,-1.0
171015.84137258152,0.0026149749755859375
67348.96350900503,0.006577730178833008
659120.7888869796,0.007990121841430664
877318.4755951155,0.00812840461730957
15832700.148186747,0.005249500274658203
171470.0,0.0015506744384765625
8814.075068950006,0.001867532730102539
298043.2578111557,0.0026946067810058594
309783.35849806794,0.0026662349700927734
75001.07262602024,0.0063741207122802734
313069.1589113025,0.005395412445068359
1194998.7954230872,0.007807731628417969
79851.0,0.001535654067993164
61695.76656632028,0.0075147151947021484
644263.3659611592,0.009024381637573242
785161.2349640015,0.00913548469543457
-1.0,-1.0
-1.0,-1.0
363274.661731278,0.015272378921508789
1150813.1257074587,0.013859748840332031
-1.0,-1.0
-1.0,-1.0
3615971.3204234648,0.016764163970947266
-1.0,-1.0
-1.0,-1.0
-1.0,-1.0
-1.0,-1.0
15832700.148186747,0.0052204132080078125
65653.64569198084,0.00750422477722168
144348.26793607094,0.0065708160400390625
1094142.3017715723,0.008993864059448242
1807781.774589348,0.013500213623046875
327357.7823596904,0.016189098358154297
506193.17190057324,0.014846086502075195
-1.0,-1.0
-1.0,-1.0
3037659.1229408747,0.017807722091674805
-1.0,-1.0
-1.0,-1.0
-1.0,-1.0
-1.0,-1.0
-1.0,-1.0
8049151.181109139,0.024511337280273438
-1.0,-1.0
-1.0,-1.0
-1.0,-1.0
-1.0,-1.0
-1.0,-1.0
-1.0,-1.0
-1.0,-1.0
-1.0,-1.0
-1.0,-1.0
588025.9659024705,0.014568805694580078
2722931.9876380353,0.025597333908081055
-1.0,-1.0
-1.0,-1.0
-1.0,-1.0
-1.0,-1.0
-1.0,-1.0
-1.0,-1.0
-1.0,-1.0
-1.0,-1.0
-1.0,-1.0
-1.0,-1.0
-1.0,-1.0
-1.0,-1.0
-1.0,-1.0
-1.0,-1.0
-1.0,-1.0
-1.0,-1.0
-1.0,-1.0
-1.0,-1.0
-1.0,-1.0
-1.0,-1.0
-1.0,-1.0
26846.856402802525,0.003406524658203125
55095.26716838281,0.006613731384277344
507134.7633476494,0.008047342300415039
674929.3819285505,0.00829315185546875
12212931.180307243,0.005435943603515625
132267.47742880214,0.0016813278198242188
2322.989929061153,0.0026633739471435547
64951.7603257868,0.003479480743408203
69240.52980744385,0.0034439563751220703
79337.65825900933,0.006574869155883789
331127.2154025238,0.0056650638580322266
1188767.8554380531,0.008156061172485352
79851.0,0.0015795230865478516
9411.559139745625,0.008490800857543945
99474.72655145309,0.009946107864379883
124213.88904799322,0.01009225845336914
-1.0,-1.0
-1.0,-1.0
296423.02381757635,0.01539158821105957
938910.7686250969,0.014184236526489258
-1.0,-1.0
-1.0,-1.0
2774722.0533585493,0.0170595645904541
-1.0,-1.0
-1.0,-1.0
-1.0,-1.0
-1.0,-1.0
12212931.180307243,0.005453586578369141
16426.772583825146,0.008376836776733398
69595.44717151065,0.007346153259277344
246059.00007851535,0.010046005249023438
1907190.361797591,0.013702154159545898
52195.7372767268,0.01709604263305664
176305.4669245059,0.015931367874145508
-1.0,-1.0
-1.0,-1.0
480311.43279144657,0.01872420310974121
-1.0,-1.0
-1.0,-1.0
-1.0,-1.0
-1.0,-1.0
-1.0,-1.0
6550327.997293793,0.02480316162109375
-1.0,-1.0
-1.0,-1.0
-1.0,-1.0
-1.0,-1.0
-1.0,-1.0
-1.0,-1.0
-1.0,-1.0
-1.0,-1.0
-1.0,-1.0
401180.83218252583,0.015501976013183594
1251654.9558008849,0.026612281799316406
-1.0,-1.0
-1.0,-1.0
-1.0,-1.0
-1.0,-1.0
-1.0,-1.0
-1.0,-1.0
-1.0,-1.0
-1.0,-1.0
-1.0,-1.0
-1.0,-1.0
-1.0,-1.0
-1.0,-1.0
-1.0,-1.0
-1.0,-1.0
-1.0,-1.0
-1.0,-1.0
-1.0,-1.0
-1.0,-1.0
-1.0,-1.0
-1.0,-1.0
-1.0,-1.0
11384.674504364608,0.0026733875274658203
66821.77413016911,0.006674766540527344
653961.3705208052,0.00821685791015625
693711.9283098665,0.008275270462036133
14932191.649519712,0.005477428436279297
170127.77945080167,0.0016734600067138672
561.1027101011676,0.0015501976013183594
19960.35992799039,0.0024733543395996094
16519.428732114615,0.002443552017211914
75001.07262602024,0.006410121917724609
249502.60691585278,0.005663871765136719
952362.4612408284,0.008013248443603516
75903.5069778762,0.00160980224609375
3977.1449634638484,0.00735783576965332
42719.19259724569,0.008913278579711914
42266.244790145116,0.009054899215698242
-1.0,-1.0
-1.0,-1.0
360431.0464284332,0.015272140502929688
909969.2013408123,0.014045000076293945
-1.0,-1.0
-1.0,-1.0
2859215.3330665613,0.0167691707611084
-1.0,-1.0
-1.0,-1.0
-1.0,-1.0
-1.0,-1.0
14932191.649519712,0.00532841682434082
4268.800080652793,0.007056474685668945
7609.103432910839,0.006226778030395508
58063.20959065456,0.008765697479248047
1440724.046608492,0.013483524322509766
20996.04997331068,0.015851259231567383
25338.303925775635,0.014849185943603516
-1.0,-1.0
-1.0,-1.0
162258.72289659103,0.017900466918945312
-1.0,-1.0
-1.0,-1.0
-1.0,-1.0
-1.0,-1.0
-1.0,-1.0
6364612.557962126,0.024834871292114258
-1.0,-1.0
-1.0,-1.0
-1.0,-1.0
-1.0,-1.0
-1.0,-1.0
-1.0,-1.0
-1.0,-1.0
-1.0,-1.0
-1.0,-1.0
31334.343629679744,0.014385461807250977
133234.4997528881,0.025793075561523438
-1.0,-1.0
-1.0,-1.0
-1.0,-1.0
-1.0,-1.0
-1.0,-1.0
-1.0,-1.0
-1.0,-1.0
-1.0,-1.0
-1.0,-1.0
-1.0,-1.0
-1.0,-1.0
-1.0,-1.0
-1.0,-1.0
-1.0,-1.0
-1.0,-1.0
-1.0,-1.0
-1.0,-1.0
-1.0,-1.0
-1.0,-1.0
-1.0,-1.0
-1.0,-1.0
81340.18553753152,0.002071857452392578
659120.7888869796,0.00792694091796875
877318.4755951155,0.008059978485107422
141483.53077976863,0.0020775794982910156
153092.49091067235,0.0020775794982910156
1715133.3165095705,0.005105018615722656
23608.743445020464,0.0025064945220947266
1194998.7954230872,0.007880210876464844
64407.71542584088,0.0025177001953125
307581.5797579591,0.008510112762451172
409404.47824451973,0.008437395095825195
-1.0,-1.0
-1.0,-1.0
3615971.3204234648,0.01676154136657715
557651.3796898574,0.008353710174560547
-1.0,-1.0
-1.0,-1.0
-1.0,-1.0
-1.0,-1.0
128376.63823697825,0.006090641021728516
1687408.7266666905,0.01730513572692871
-1.0,-1.0
-1.0,-1.0
-1.0,-1.0
-1.0,-1.0
-1.0,-1.0
-1.0,-1.0
-1.0,-1.0
-1.0,-1.0
-1.0,-1.0
-1.0,-1.0
-1.0,-1.0
-1.0,-1.0
-1.0,-1.0
-1.0,-1.0
-1.0,-1.0
35344.489158621785,0.003386259078979492
68877.52896894678,0.007050991058349609
150932.52352527098,0.008070707321166992
874970.501963225,0.00808262825012207
2291.3989565194547,0.0029680728912353516
14885.109462644183,0.0035185813903808594
68703.72007977983,0.003498077392578125
19526.87439407708,0.0021424293518066406
16344.47083915606,0.006960630416870117
120382.6436721045,0.006582021713256836
272911.24312399747,0.007929325103759766
12641.536201480816,0.008853912353515625
30449.153681962423,0.0098876953125
165003.26473165848,0.009902477264404297
-1.0,-1.0
80296.8641675191,0.015816688537597656
429276.8750042127,0.01523900032043457
825807.7179133069,0.01701664924621582
3412.075320532401,0.008788347244262695
23875.28651841732,0.008496761322021484
-1.0,-1.0
56069.052350270096,0.009826183319091797
-1.0,-1.0
-1.0,-1.0
106420.3611106712,0.014966487884521484
15258.947579210355,0.017589092254638672
69992.85318667337,0.016929149627685547
-1.0,-1.0
154414.91169199202,0.018656492233276367
-1.0,-1.0
-1.0,-1.0
599209.9583458729,0.025887250900268555
20640.809004093266,0.016748428344726562
-1.0,-1.0
-1.0,-1.0
-1.0,-1.0
105630.4474687439,0.028132915496826172
-1.0,-1.0
-1.0,-1.0
-1.0,-1.0
-1.0,-1.0
-1.0,-1.0
168913.01135531178,0.0027129650115966797
68548.88000041438,0.007111787796020508
632075.945027076,0.008060216903686523
874476.810921144,0.008221149444580078
10447.932747370522,0.002101898193359375
287826.27086232015,0.002727508544921875
321274.3077794601,0.002664327621459961
89566.51985047154,0.002179861068725586
68564.30133341384,0.0069980621337890625
120520.11102552808,0.006516218185424805
1149689.8530072074,0.007949590682983398
64709.25393230176,0.00806879997253418
609806.1138821611,0.00918436050415039
823263.49382805,0.009145259857177734
-1.0,-1.0
335750.60009827354,0.015845775604248047
428375.04455514485,0.015089750289916992
3467601.8843328813,0.016973018646240234
67113.25663760565,0.008054971694946289
115493.41855949521,0.007704257965087891
-1.0,-1.0
1113040.152546886,0.00910639762878418
-1.0,-1.0
-1.0,-1.0
447626.4925008852,0.014920711517333984
316229.8329798275,0.016985177993774414
381344.9808307406,0.0164792537689209
-1.0,-1.0
3130249.6959443907,0.018162965774536133
-1.0,-1.0
-1.0,-1.0
2512239.8387827845,0.025708675384521484
418292.4266916595,0.01584339141845703
-1.0,-1.0
-1.0,-1.0
-1.0,-1.0
2166634.476450152,0.027266740798950195
-1.0,-1.0
-1.0,-1.0
-1.0,-1.0
-1.0,-1.0
-1.0,-1.0
