factorjoin,factorjoin-time
79851.0,0.0031130313873291016
12296486.0,0.006206989288330078
4125085.0,0.003789663314819336
4240229.156862461,0.004175662994384766
10719713.0,0.00445246696472168
1543793.0140281592,0.004762172698974609
61287386.95125083,0.0054187774658203125
11101.661843346965,0.003623485565185547
59473816.43141949,0.013872146606445312
42725527.814496,0.005298137664794922
9389.027434063619,0.0036771297454833984
40054266.122076415,0.014461040496826172
174305.0,0.001634359359741211
1043973.0,0.002470731735229492
303187.0,0.0027244091033935547
1043973.0,0.003319978713989258
3915791.921105747,0.00595402717590332
168728.0,0.0028743743896484375
9137.053558361451,0.003675699234008789
3915791.921105747,0.005938053131103516
10616862.854625495,0.006398200988769531
73397.03820316275,0.00613093376159668
33345.26375583833,0.006890535354614258
2401009.7246379177,0.009557008743286133
266326115.0,0.0033016204833984375
66867.44539487059,0.0073773860931396484
129786.1752238401,0.0060956478118896484
2385049.3768654284,0.008466482162475586
13746591.0,0.00428318977355957
80426.57777777777,0.007892370223999023
29014.222222222223,0.006945133209228516
2161996.466666667,0.00944375991821289
13570780.39711991,0.00428009033203125
41402.85170447586,0.004770994186401367
22959.34319328772,0.004144906997680664
826820.5899679099,0.00617218017578125
12154007.4801889,0.004749774932861328
130543.42776983215,0.005491971969604492
78519.0,0.003742694854736328
12154007.4801889,0.0062808990478515625
12296486.0,0.004409074783325195
69898.44423048575,0.005527496337890625
67981.27945916835,0.0044536590576171875
1536314.358089643,0.007124185562133789
595.0,0.002995729446411133
3769391.0,0.0042684078216552734
1463103.829656111,0.011895418167114258
11101.661843346965,0.003199338912963867
298131.8643975371,0.005072355270385742
90010.45959248576,0.0038797855377197266
90010.45959248576,0.005873680114746094
11102.0,0.001987457275390625
89238.24566979676,0.0037963390350341797
147295.99321474374,0.012787818908691406
293986.4857260132,0.004873037338256836
78947.06018874438,0.011994600296020508
148074.9023820213,0.022885560989379883
315237.8759969274,0.007204532623291016
34490.3862603745,0.007827520370483398
29273.093480963606,0.01896810531616211
3777067.414046928,0.0038824081420898438
34524.34196160962,0.0032987594604492188
88782.07218051658,0.0037534236907958984
3542140.991326927,0.005089998245239258
1611310.0,0.0024671554565429688
29108.0,0.002849102020263672
70826.0,0.0018041133880615234
787194.0,0.003008604049682617
47732.45901639345,0.0025932788848876953
691.2295081967213,0.002617359161376953
70826.0,0.0016865730285644531
27280.327868852462,0.0030641555786132812
171399.0,0.003106832504272461
147914.0,0.002989053726196289
926025.9117590283,0.006715297698974609
11102.0,0.0022521018981933594
261976.41818969726,0.005959272384643555
77739.47722529834,0.005884885787963867
147914.0,0.003813505172729492
926025.9117590283,0.007502555847167969
1342561.4721015703,0.007792472839355469
77739.47722529834,0.00689244270324707
1342561.4721015703,0.008370161056518555
169285.62039767773,0.0019893646240234375
194560.24437296408,0.0027437210083007812
11102.0,0.001493215560913086
87249.9301578236,0.0046465396881103516
194560.24437296408,0.0029582977294921875
146926.9774399271,0.014164447784423828
140658.2837767508,0.013103485107421875
194560.24437296408,0.015061378479003906
42664950.33280258,0.006212472915649414
10528172.363141669,0.008739471435546875
66237.99344102533,0.005436420440673828
3724973.809123392,0.007989883422851562
54743.020312495115,0.00469207763671875
28067.414134114144,0.007676601409912109
8271659281.812136,0.010992288589477539
2186315.9788154257,0.007582187652587891
1951464.2045026354,0.010746955871582031
966903.9341584904,0.010094881057739258
203118778.96659377,0.01276850700378418
290025.0,0.001712799072265625
4881242.298185521,0.0029926300048828125
89651.57992184667,0.005225181579589844
79851.0,0.003622293472290039
5134072.0,0.011321544647216797
286436.47866056126,0.013774633407592773
4881242.298185519,0.005454301834106445
5134072.0,0.015488147735595703
70899.38817987975,0.006928205490112305
438068.45813584287,0.005626678466796875
8916.045329456421,0.007318735122680664
70900.08320850041,0.0048182010650634766
3460909.737924329,0.01731562614440918
58868.39144495862,0.019096851348876953
244360.2298741807,0.008716344833374023
1257828.702263322,0.020195722579956055
2519548.8380532367,0.005397796630859375
1611310.0,0.0025243759155273438
34773.0,0.0021245479583740234
2187471.5131073412,0.0043790340423583984
36743.05919295512,0.0038204193115234375
79851.0,0.0009829998016357422
336677094.06009066,0.005753517150878906
2519548.8380532367,0.005465984344482422
1611310.0,0.0023941993713378906
2187471.5131073412,0.00426483154296875
336677094.06009066,0.0056993961334228516
3762516.7500785743,0.008272409439086914
1549026.8636053938,0.006655693054199219
33649.729575607606,0.0071904659271240234
4614194.381546675,0.004572391510009766
85450.83501055872,0.004856586456298828
73695.51974419641,0.003503561019897461
616862357.47707,0.009971857070922852
2918176.9351912723,0.009737491607666016
1327512.5833973836,0.008126020431518555
3684903.233800982,0.0062220096588134766
378514893.38838536,0.010774374008178711
240681692.09114105,0.00428318977355957
13659457.566990625,0.022137165069580078
78980.45455792011,0.006445646286010742
13042153.144061325,0.02165842056274414
141801.26726739676,0.005700349807739258
28212.70742154234,0.02397298812866211
53709371849.85269,0.0247042179107666
4056338.61174105,0.008460044860839844
1974779.686844191,0.027536392211914062
1349552.677494962,0.026692867279052734
297503054.5925564,0.029617786407470703
266326115.0,0.0033118724822998047
615724.5145133644,0.0235598087310791
39463.44548808106,0.007502317428588867
531577.526468151,0.02138376235961914
71789.10960672577,0.005494356155395508
649.3833493307983,0.025000572204589844
2769575151.8907223,0.023258686065673828
598207.9573212857,0.007582187652587891
39771.80494292983,0.027430057525634766
29440.57210792957,0.02511429786682129
4066189.417584967,0.02717876434326172
3619342.620622563,0.00493311882019043
3747565.1056638784,0.0039103031158447266
23244.602674488233,0.004795074462890625
1611310.0,0.0023996829986572266
34524.34196160962,0.0033636093139648438
79570.09131407103,0.0023899078369140625
717323478.2273929,0.005737781524658203
3352767.895988149,0.006760835647583008
3381111.943853081,0.005533695220947266
1542635.3756940213,0.004083395004272461
630890738.1646898,0.0067098140716552734
484552.9949147226,0.008149862289428711
12392805.0,0.003353595733642578
108183.46167216316,0.004884243011474609
64606.666590344634,0.006021738052368164
1019.6416246813852,0.007424116134643555
77164.95624407205,0.0029027462005615234
106875179.80728826,0.008424043655395508
220660.95462881125,0.00999307632446289
4924179.016536624,0.005552768707275391
46245.670576420016,0.007900714874267578
19196314.782982003,0.010496377944946289
481364.62471227994,0.00822591781616211
12392805.0,0.0035240650177001953
72413.0164218777,0.004280805587768555
64181.55319140246,0.006324052810668945
919.0908772424391,0.006764411926269531
69824.3077337522,0.0021278858184814453
106171938.58856826,0.008776426315307617
134957.18836449532,0.009250164031982422
1645989.8268221007,0.004968166351318359
35216.64102430501,0.0074253082275390625
9074331.38602164,0.009982585906982422
147999.0,0.002023935317993164
1039132.192221027,0.0037114620208740234
963474.0,0.001634359359741211
90004.03189051614,0.004279375076293945
78582.0,0.0020444393157958984
1296219.7296531596,0.003414154052734375
1335598.3507956774,0.004470348358154297
1355009.0,0.002383708953857422
7267859.851711423,0.004361629486083984
815906.6628263893,0.004225254058837891
14362712.291090284,0.004886627197265625
4059400.0183060067,0.005087137222290039
12069932.469347533,0.004719734191894531
129777.80836347319,0.0032677650451660156
1018567.5379930629,0.003520965576171875
41393.214933369774,0.0020422935485839844
78348.05250682085,0.0021610260009765625
395153942.5822272,0.006320953369140625
4059400.0183060067,0.005010843276977539
12069932.469347533,0.004998207092285156
1018567.5379930629,0.003446817398071289
395153942.5822272,0.006264686584472656
85716142.89269288,0.005170345306396484
12248265.950246703,0.004033565521240234
60138.70842319118,0.007574319839477539
7371139.240180646,0.002659320831298828
23499.199518564033,0.006516456604003906
66895.99760078265,0.005250692367553711
21919289345.32675,0.005568027496337891
1312356.2338207245,0.009534597396850586
1060348.4085410447,0.00816655158996582
589248.8031596097,0.006952524185180664
57657234.13267143,0.009581327438354492
10178.335795373852,0.00458216667175293
49251.37682925202,0.005984067916870117
4777494.546966313,0.004434823989868164
66134.79503490505,0.00286102294921875
10109.968711832895,0.014667034149169922
4877146.89985041,0.013157129287719727
705638.544139005,0.00655817985534668
731903.3033696263,0.014975309371948242
4492.911010900281,0.00460052490234375
1249.8792034607227,0.007194995880126953
72694.47338071541,0.006083488464355469
63386.18447951559,0.004728078842163086
4122.973407259232,0.015626192092895508
466187.1603874519,0.014731407165527344
24945.791032030073,0.008455514907836914
145170.34103624662,0.017021656036376953
239867.28528466882,0.004382610321044922
1432995.0,0.002521038055419922
161821.96134817775,0.003480195999145508
41441.04197967898,0.00423121452331543
1152591.5334080935,0.0049855709075927734
238515.7768212797,0.013943195343017578
159175.29392281693,0.013143301010131836
1144396.601888623,0.013993024826049805
1707781.1084886785,0.0034906864166259766
41611.642592592594,0.004678964614868164
1037933.0,0.0017192363739013672
70727.01209931796,0.006028413772583008
4921357.685633577,0.0031576156616210938
74565.01614396067,0.004450798034667969
1428915.9189321448,0.00669550895690918
137279064.4095355,0.003682374954223633
952675.5814814814,0.0047109127044677734
1825658.7420058888,0.006323575973510742
90579253.86588816,0.006917715072631836
11499564.294114891,0.00682377815246582
131200.48210901656,0.0050809383392333984
16414303.459823668,0.002380847930908203
32188.714477164613,0.008745193481445312
1402562.8369701996,0.0059773921966552734
67105.00484645317,0.004007101058959961
949342.9655933896,0.009791851043701172
2644182269.66861,0.007552623748779297
1109421.451494852,0.005787849426269531
551438.6355704514,0.009011983871459961
37100294.716218606,0.010409832000732422
4602569.0,0.0027811527252197266
5518.2924475775435,0.005029439926147461
5121577.655042752,0.0025093555450439453
11692.596911998235,0.0060367584228515625
1603497.019840732,0.0032553672790527344
10099.359326712898,0.005835056304931641
117607.93623596121,0.0065000057220458984
695541558.7891189,0.004140615463256836
79665.96140863979,0.00643157958984375
158771.42927960795,0.007215023040771484
2211835.4801838608,0.007766246795654297
78160.56769499826,0.005321979522705078
132645.06674536818,0.0036118030548095703
1026597.4148845675,0.004597187042236328
930037.2303523035,0.006251811981201172
9106.02114737923,0.00508427619934082
81237.41140061384,0.005965232849121094
56909.396138948905,0.007430315017700195
79906.89459272995,0.0046694278717041016
72475.85490049912,0.0061609745025634766
1392300.6613634753,0.007004976272583008
122748.0825615775,0.006574869155883789
599272.7065181663,0.007501840591430664
432614.44661266514,0.009029626846313477
1199450.2731813148,0.006026029586791992
1249342.490793041,0.007886171340942383
6997324.432128477,0.008620023727416992
71902.69269391234,0.007426261901855469
44212.96020822091,0.008974790573120117
455163.3681011443,0.01008152961730957
755430.7561978584,0.008527517318725586
1079662.0242974015,0.008990764617919922
798498.0616151162,0.010464668273925781
3615073.508512093,0.011565208435058594
13275480.33224751,0.010132551193237305
409049.4531956176,0.011813640594482422
7668053.314620007,0.013237714767456055
14225178.171292147,0.0062427520751953125
4374265.0,0.0032126903533935547
13712269.62295082,0.004016399383544922
171470.0,0.003257274627685547
1456149.5733270457,0.005090475082397461
1838524.4712900738,0.005946636199951172
39242.02112741862,0.00510859489440918
1466240.901639344,0.002764463424682617
42167.0,0.0018749237060546875
34489.19672131148,0.0030066967010498047
822833167.0458026,0.00713658332824707
3648393655.9098196,0.007817268371582031
14225178.171292147,0.007078886032104492
561515792.6229508,0.004636049270629883
4374265.0,0.003801107406616211
13712269.62295082,0.004812479019165039
167781576.4923606,0.006598234176635742
1456149.5733270457,0.005797386169433594
1838524.4712900738,0.0066373348236083984
1466240.901639344,0.003384113311767578
120804669400.61357,0.008445501327514648
822833167.0458026,0.007562875747680664
3648393655.9098196,0.008620977401733398
561515792.6229508,0.005310773849487305
167781576.4923606,0.00759434700012207
120804669400.61357,0.009115219116210938
438395.0,0.003520965576171875
17932241.0,0.0033240318298339844
13746591.0,0.004283428192138672
41992.99411030874,0.003963470458984375
33894.0,0.0016756057739257812
63285.0,0.002575397491455078
249.91891610691047,0.0022144317626953125
1611310.0,0.002476215362548828
57921.79113476076,0.001974344253540039
23164.96513660066,0.002948284149169922
125019191.00000001,0.0039865970611572266
85850838.0,0.005017280578613281
22069.597098449154,0.004538059234619141
3126349190.0,0.005015373229980469
600708.8298622135,0.004644870758056641
863533.338359141,0.0054399967193603516
6790375.0,0.003025054931640625
7739.980385184447,0.0027151107788085938
23498.62010753587,0.003662586212158203
456143.3535936122,0.0033431053161621094
23595321833.0,0.005541801452636719
1146355.986702408,0.005186796188354492
3767318.359157859,0.006165742874145508
40183751.66134837,0.005751371383666992
1059403.339569781,0.004240989685058594
219725666.57969946,0.006770133972167969
13407767.987544632,0.006084442138671875
3645839.344262294,0.004563331604003906
3737889.454943841,0.004746437072753906
13880.96251135585,0.0048024654388427734
3710082.7701390646,0.0048024654388427734
4779862.015458352,0.004751443862915039
71983.0667292519,0.0056688785552978516
1582999.920480933,0.003661632537841797
31847.209456120017,0.004067897796630859
73784.58234670632,0.003795146942138672
2663637006.1627526,0.00728154182434082
3548313573.9462814,0.007235288619995117
2232028.8639879236,0.0076634883880615234
697874776.3334984,0.006049156188964844
1577457.086934577,0.0064160823822021484
851810.747767648,0.006524085998535156
619038218.5190842,0.006635427474975586
1835517.0899483685,0.006691932678222656
2013967.966923555,0.0066432952880859375
1048544.267849699,0.005354642868041992
750206080500.6526,0.009425163269042969
292505867.6085197,0.00929403305053711
217794787.88906342,0.009233474731445312
121821700.34941381,0.007908821105957031
137885356.08773375,0.00832223892211914
29338480500.006996,0.011045455932617188
700811.3210599729,0.007080078125
3668968.0,0.0043642520904541016
3795341.0,0.0033833980560302734
4341.061598028906,0.0052242279052734375
323125.84650402,0.0057332515716552734
183772.8110071351,0.004888296127319336
2562.3996808366237,0.006440639495849609
1611310.0,0.002395153045654297
20451.263348327753,0.004230499267578125
58582.98017580629,0.003363370895385742
151188153.91292763,0.008262395858764648
134631672.08688965,0.007295131683349609
41950.886858004604,0.009162425994873047
726290796.0,0.005099296569824219
233062.4893743221,0.006963491439819336
89046.63732250014,0.005682468414306641
33920215.82461261,0.006539106369018555
99864.7225639403,0.008367776870727539
46308.07246256043,0.007386922836303711
324339.48412486224,0.0046939849853515625
35119452407.73997,0.009004831314086914
5215994.465145594,0.01074981689453125
1388367.2969260986,0.009716987609863281
7351435.9604560165,0.00708317756652832
2658938.7119794916,0.008512258529663086
224906246.84184074,0.011333227157592773
14829993.684292447,0.005750417709350586
62272042.0,0.003352642059326172
17374568.5969342,0.004636049270629883
75818.32142857142,0.0036067962646484375
5166442.953046384,0.0041599273681640625
1454365.920360476,0.004953861236572266
33836.79008349842,0.0042874813079833984
5054534.812032009,0.0028357505798339844
59527.78571428572,0.002225637435913086
66979.48362720587,0.0029363632202148438
15619861791.087616,0.0062923431396484375
3424462259.4321012,0.007170438766479492
1266008.0352505033,0.006693124771118164
15523856085.059616,0.004845857620239258
2517820.714285714,0.004296302795410156
1393558.594804436,0.005319356918334961
784640213.1706631,0.005687236785888672
968970.457991319,0.0048770904541015625
589484.8419509401,0.00571751594543457
1149804.3721405007,0.0035974979400634766
4352901907067.357,0.007478952407836914
135173039.8121361,0.006932973861694336
56356853.9563047,0.007962226867675781
106328472.40510312,0.005671501159667969
38514109.120950274,0.006188631057739258
7364491693.16348,0.00853419303894043
1884787.9217394753,0.006788969039916992
266326115.0,0.0031633377075195312
17957153.28427574,0.003732919692993164
82227.22360993446,0.005337953567504883
1532457.5611287435,0.005227565765380859
185489.73955967516,0.005984783172607422
3636.4286607305057,0.008111715316772461
16391607.060716672,0.0024476051330566406
148912.36163650895,0.0039730072021484375
69487.4100224525,0.004869222640991211
8263764081.076368,0.007296085357666016
457690539.7542207,0.008109331130981445
222237.3006844533,0.009331941604614258
80445410833.10696,0.00456690788269043
4103673.746318942,0.006041288375854492
1708033.9616838873,0.006573200225830078
361731964.3073587,0.006902456283569336
159379.5395627297,0.008121728897094727
89399.91052216009,0.008893013000488281
1491705.297153621,0.005292415618896484
2692100784452.1304,0.008738279342651367
35523318.664878204,0.010364532470703125
12132665.28780943,0.010872364044189453
173986287.30420566,0.007547616958618164
8103286.816066615,0.009339094161987305
2530658820.7886715,0.011256694793701172
194534.0,0.003396272659301758
128174.0,0.002913236618041992
10389.0,0.002062082290649414
40542.111328780025,0.004968166351318359
1472990.3958586324,0.002886533737182617
79851.0,0.0033292770385742188
182289.0,0.003597259521484375
127903.82260873818,0.014211177825927734
5129036.492722456,0.012151718139648438
10376.525621118013,0.013402700424194336
4511375.594632878,0.011779308319091797
1472990.395858632,0.0055162906646728516
182094.04736024846,0.015699386596679688
184539.0,0.014313459396362305
5129036.492722456,0.014688253402709961
4511375.594632878,0.014180421829223633
5134032.9206464905,0.016219615936279297
169686.94805870642,0.002528667449951172
9253.38129211597,0.0030357837677001953
1966.981630465908,0.004022836685180664
1033.960575265673,0.005220890045166016
35773.94291014694,0.004220247268676758
77803.55140681431,0.0024378299713134766
20156.703329220945,0.0045278072357177734
8975.038050737447,0.013204574584960938
335174.3924847989,0.011972665786743164
1935.4040431796584,0.014350175857543945
97525.69735123293,0.012804508209228516
31837.916110937167,0.005880594253540039
19649.87869294299,0.015027761459350586
75116.50966996151,0.014853954315185547
291933.39021255984,0.013942956924438477
87061.33037016033,0.014702081680297852
747708.9294119058,0.015179872512817383
595.0,0.0016744136810302734
60618.0,0.002950429916381836
55030611.99999999,0.003300189971923828
4835658.873044194,0.0038802623748779297
151003.0,0.0017781257629394531
69045.10426740476,0.0025835037231445312
16253909.5567537,0.0026521682739257812
19208.0,0.010704994201660156
9181722.0,0.010589838027954102
998392.3292363505,0.011856794357299805
2839122.0,0.0036783218383789062
1181002.537765817,0.004963397979736328
12664898564.732738,0.004738569259643555
1776480.8659026213,0.00331878662109375
1122326.0,0.011194229125976562
488070.1207414779,0.012581110000610352
1931905950.049124,0.011949539184570312
165489421.77602717,0.005198001861572266
73833104.0823073,0.013014793395996094
595.0,0.0010683536529541016
90373.0,0.0025930404663085938
3790421.0,0.003351926803588867
4921776.0,0.0022118091583251953
34773.0,0.002730131149291992
79851.0,0.0016698837280273438
1611310.0,0.0023958683013916016
22776.0,0.010114192962646484
1471278.0,0.010893106460571289
1007371.0,0.009719371795654297
3790421.0,0.004101276397705078
4921776.0,0.002974987030029297
655288030.0,0.003633737564086914
1611310.0,0.0030975341796875
1471278.0,0.011482954025268555
1007371.0,0.01049184799194336
156276350.0,0.011463642120361328
655288030.0,0.004322052001953125
156276350.0,0.01183629035949707
595.0,0.001074075698852539
72632.64956713727,0.006199836730957031
164045.4781420765,0.003361940383911133
4868253.999999999,0.003290414810180664
983.6615479322674,0.00668025016784668
73671.22741023207,0.00677180290222168
63718.55191256829,0.003799915313720703
20529.904497354495,0.014246225357055664
84772.29508196721,0.011397361755371094
1002623.0,0.01099252700805664
82376.10754401943,0.0076673030853271484
1872762.1275295073,0.007848739624023438
29697241.516393434,0.004872560501098633
42498.17250219254,0.008135080337524414
69563.55428219658,0.015010595321655273
594730.5957671958,0.01541900634765625
8681995.095628416,0.01262807846069336
6205143.6660595015,0.009310245513916016
4904626.934392498,0.0171356201171875
11102.0,0.0021347999572753906
27452776.324818805,0.004052400588989258
3779456.882995428,0.0077457427978515625
4852757.070120333,0.00417637825012207
87374.53684035866,0.005926609039306641
8281534.999225409,0.007575035095214844
7534843.301950009,0.0037796497344970703
61855.95695469178,0.005519866943359375
1603505.939483751,0.006895542144775391
34217.984033200104,0.008735895156860352
77983.85023370331,0.005692481994628906
26409813.32297162,0.01271820068359375
3802471.6259789793,0.01570296287536621
4842603.874171744,0.012150764465332031
11102.0,0.014388322830200195
6155772621.019494,0.009053230285644531
6042005901.529713,0.005521535873413086
23142838.489232786,0.007510662078857422
645059512.2976918,0.009000062942504883
3322705.4995374,0.01116037368774414
4378193.344258515,0.00752568244934082
1648208565.9114714,0.008940935134887695
6880861.462291801,0.010484695434570312
6296741.989088518,0.0070688724517822266
1472165.3808006565,0.010304450988769531
6178224711.917288,0.017283201217651367
5896847767.518206,0.013976097106933594
22074670.846354723,0.015516519546508789
648604298.0473773,0.0174405574798584
3342969.553696842,0.018739700317382812
4357029.498294917,0.015389442443847656
1685929087801.1985,0.010452032089233398
4570302219.86036,0.012139320373535156
4694739867.097861,0.008927106857299805
506882129.80690825,0.011913776397705078
1242138169.493924,0.011721372604370117
1694075018471.5786,0.018709897994995117
4583282363.987828,0.020582914352416992
4541707593.01631,0.01760077476501465
509594669.7167169,0.020638704299926758
1206582972849.4932,0.013833761215209961
1211860427898.7976,0.022671222686767578
10043.476924798968,0.0034286975860595703
1536336.8426310462,0.003938436508178711
781059.6306450764,0.008136749267578125
450895.7183079302,0.004009723663330078
8794.502349317198,0.008152484893798828
4597008.234010798,0.00614166259765625
5156708.0,0.0017235279083251953
62204.981105452396,0.005838155746459961
1609171.256094061,0.005940437316894531
28451.643442081597,0.010146141052246094
70111.31821496075,0.0058135986328125
11345382.08541504,0.012703895568847656
3299508.0639835433,0.016765594482421875
3463951.414341595,0.012383699417114258
9942.643963352442,0.01752471923828125
318376742.1022176,0.008778095245361328
249845981.82040486,0.004380226135253906
457889.44042387995,0.00903773307800293
82455955.55605169,0.008793830871582031
499480.75036629813,0.013460397720336914
224615.38804857503,0.008539915084838867
702409135.8141203,0.006509065628051758
1439193.2152381344,0.011096954345703125
1401477.0960127204,0.006647586822509766
740941.5082108807,0.01103663444519043
2186774036.2842298,0.01765751838684082
2086675951.4352229,0.013566970825195312
1945174.202163502,0.01757502555847168
548852242.1839404,0.017717838287353516
1009274.5657347855,0.02257227897644043
1046977.1338539704,0.017568111419677734
70617078370.07088,0.009574174880981445
61478453.6559804,0.013365983963012695
27692896.875904553,0.009150266647338867
24277320.47665352,0.01362919807434082
78593078.06186146,0.011324644088745117
565915560757.1619,0.01783299446105957
143951870.79605183,0.022221088409423828
102245321.22168383,0.018126964569091797
52873405.39985704,0.022928714752197266
4175758603.488154,0.014478683471679688
10094817972.714827,0.02315235137939453
174305.0,0.0010526180267333984
195218.0,0.001863241195678711
963474.0,0.001499176025390625
11102.0,0.0013852119445800781
328064.0,0.0010309219360351562
4921776.0,0.0023920536041259766
65722.41570351679,0.004194021224975586
371124.0,0.001926422119140625
72859.30714113425,0.003202676773071289
195218.0,0.0018219947814941406
963474.0,0.0015475749969482422
5134072.0,0.010469198226928711
174201.26128052032,0.0124969482421875
6042090.0,0.0023398399353027344
371124.0,0.0018243789672851562
4911531.0,0.010519981384277344
11101.0,0.01316690444946289
5134072.0,0.011630773544311523
242171.18590792653,0.013556718826293945
1357027.2359313585,0.004718303680419922
6042090.0,0.002335071563720703
195218.0,0.012177467346191406
195213.0,0.013535737991333008
5134072.0,0.011308670043945312
962471.0640059253,0.013123273849487305
1395514.9339675163,0.01273488998413086
371124.0,0.012691259384155273
371032.0,0.014241695404052734
1392654.9339675163,0.013298749923706055
1395514.9339675163,0.013774394989013672
6042090.0,0.013200759887695312
6041630.0,0.014618873596191406
1395514.9339675163,0.014055252075195312
962830.0,0.014299392700195312
1395364.9339675163,0.014275074005126953
6041630.0,0.01477193832397461
80206.11874691209,0.0034644603729248047
170716.78351800036,0.003472566604614258
925964.1268222672,0.00639653205871582
7177.754679532101,0.003438711166381836
68503.74573881326,0.0066945552825927734
556253.729313547,0.003694295883178711
11510.198391143234,0.0063076019287109375
294168.7217438413,0.006559848785400391
77739.55435213953,0.003995418548583984
127867.3914400693,0.004738807678222656
461322.9110305787,0.007725715637207031
4842482.734663283,0.012501001358032227
78854.1141995198,0.015243768692016602
5138191.033645462,0.00809788703918457
66355.46238731826,0.007985591888427734
3434036.8164282856,0.012579917907714844
7159.342597981763,0.015496015548706055
3474656.24929645,0.016090869903564453
65046.21490370337,0.0188443660736084
452201.4567473412,0.006651878356933594
1294971.0952059994,0.009347915649414062
135090.54265011734,0.015004873275756836
127593.2713267323,0.017021894454956055
5133718.085164608,0.01772618293762207
454704.3993307422,0.020205259323120117
3495290.8054827345,0.01576066017150879
77786.08069665154,0.018155336380004883
65933.52141172004,0.02032017707824707
2631017.981593178,0.015598773956298828
2639279.740056164,0.018925905227661133
1511080.0775175628,0.019243478775024414
1287858.590695757,0.022258996963500977
3602173.2329604668,0.01865530014038086
652580.7600234139,0.021251201629638672
3600476.0316219097,0.020798683166503906
1511080.0775175628,0.022682666778564453
5835.7233200903975,0.006456851959228516
30177.298864692035,0.003702878952026367
46694.021626890026,0.0033233165740966797
7814.802173662926,0.005161762237548828
46597.32316071977,0.004737377166748047
357688.10681261466,0.005003213882446289
8660.633923014952,0.0062007904052734375
371124.0,0.0019114017486572266
79851.0,0.0026717185974121094
26399.44661681333,0.007235050201416016
28849.50677010586,0.0070841312408447266
4045092.0994009827,0.015190839767456055
5832.270607377756,0.016773462295532227
565730.6767770306,0.004301786422729492
68797.44636289643,0.005679130554199219
2245160.9064670014,0.013354063034057617
7803.153978100995,0.015127420425415039
2097035.40110861,0.01325845718383789
45615.81138150993,0.01474761962890625
357688.10681261466,0.006633758544921875
222990.0778311999,0.00791621208190918
27036.237926025155,0.016660451889038086
26383.482867728704,0.017440319061279297
5132791.168858319,0.01587533950805664
28813.6777955017,0.0171964168548584
4045092.0994009827,0.016904115676879883
101994.0,0.01512002944946289
68586.16821249561,0.015288591384887695
2245160.9064670014,0.015069007873535156
2097035.40110861,0.014764070510864258
241043.35293305875,0.019152402877807617
222556.1871424009,0.018142223358154297
5132715.23103148,0.01779937744140625
32583.371508372154,0.018119096755981445
4918025.809906769,0.016284704208374023
241043.35293305875,0.019042491912841797
118839.63231305999,0.005678653717041016
170091.4661883557,0.004471778869628906
743890.120809437,0.022268295288085938
9725.645657606281,0.004637956619262695
155704.93555034936,0.022925615310668945
1532668.8086654847,0.004272937774658203
35931.48691965334,0.005705356597900391
321573.72258561756,0.021512508392333984
72128.90755995503,0.00308990478515625
170090.22649296498,0.007259845733642578
653853.9583785096,0.024900197982788086
5133758.634422037,0.014609813690185547
108834.42978353433,0.015806913375854492
5121642.198653096,0.023819923400878906
321550.9121904284,0.024051189422607422
4638259.014724761,0.012894630432128906
9723.517217029721,0.015215158462524414
4735366.819255728,0.031443119049072266
128199.80981489224,0.033669233322143555
746230.1612938333,0.006720066070556641
5121528.146677149,0.027025222778320312
170091.4661883557,0.01648855209350586
170056.25684149985,0.01743602752685547
5134072.0,0.03481173515319824
612072.0762048834,0.03604412078857422
1282565.0199190457,0.016342639923095703
321573.72258561756,0.033791303634643555
321391.459198994,0.03468012809753418
1275778.5210907364,0.015316247940063477
1277630.727937348,0.03316855430603027
5121642.198653096,0.035918474197387695
5119072.727364789,0.037789106369018555
1282846.9030113241,0.018483638763427734
742776.8831219435,0.0358889102935791
1281723.079304958,0.03500056266784668
5121182.198653096,0.03783011436462402
47353.077070541294,0.004262685775756836
144252.84804043936,0.0031392574310302734
1025454.5223411432,0.004340410232543945
13658528.786321186,0.007943868637084961
168728.0,0.0059392452239990234
6402.812424839976,0.00373077392578125
46616.42230366841,0.005089521408081055
87904.49186973434,0.00393366813659668
34537.03227413872,0.008404731750488281
73699.93869474286,0.0055217742919921875
337826.7138080101,0.0064165592193603516
10125831.61567751,0.01784825325012207
46003.181779492115,0.016655683517456055
1305716.524374832,0.005528688430786133
14064998.012901675,0.017778873443603516
141923.61962539994,0.01709461212158203
4234110.71144541,0.01959681510925293
892763.2752462194,0.017043590545654297
13658528.786321184,0.010649681091308594
48085.77384174314,0.006057024002075195
626533.5421626304,0.0075016021728515625
73699.93869474286,0.020502090454101562
73699.93869474286,0.01779651641845703
439966.00601949776,0.021850109100341797
323897.51914418576,0.01916337013244629
10125831.61567751,0.0207364559173584
1313720.1089370416,0.020386934280395508
1272839.9251372898,0.01799488067626953
14064998.012901668,0.020489931106567383
4234110.71144541,0.02223658561706543
626533.5421626304,0.022525787353515625
626533.5421626304,0.02001333236694336
14064875.90154396,0.02266073226928711
439966.00601949776,0.02504253387451172
1313720.1089370416,0.023334264755249023
626533.5421626304,0.025394201278686523
54137.9272043461,0.00470733642578125
146373.0290946465,0.003933906555175781
613325.3425909746,0.004655361175537109
10638876.599984879,0.00580143928527832
71794.95174491737,0.012254476547241211
10026.386431109398,0.003460407257080078
41119.382027336615,0.0037660598754882812
87259.92880384222,0.002841949462890625
28523.11404244352,0.005057334899902344
132880.0597119538,0.005692481994628906
406131.6361662717,0.006060123443603516
8273413.214119379,0.014950990676879883
35820.665536802,0.01664423942565918
1284063.9871075395,0.005501270294189453
14158486.374597695,0.014287710189819336
122737.74315670779,0.01590132713317871
1088748.844467082,0.015553951263427734
375487.35917844874,0.016362667083740234
2181493.080664139,0.00772857666015625
78091.20685091856,0.0047647953033447266
1156339.8787737093,0.006822109222412109
133256.28602057585,0.016521930694580078
116896.72359035088,0.01753711700439453
599868.068220103,0.01709580421447754
268609.2334201685,0.018210887908935547
2092478.7033604952,0.017581939697265625
1298758.0452471904,0.016443967819213867
1066216.4278931497,0.01773381233215332
2217312.2969104196,0.01970505714416504
1088734.3916864356,0.021131515502929688
1159004.5984323318,0.018481016159057617
1008698.5160370653,0.019809722900390625
2217101.560948519,0.01938915252685547
599868.068220103,0.02078866958618164
1298743.5924665437,0.0208737850189209
1159004.5984323318,0.02256321907043457
169578.01675213675,0.0032782554626464844
147914.0,0.0028693675994873047
761709.5835396224,0.0047113895416259766
13556608.413950881,0.02366495132446289
168725.7498917813,0.005839109420776367
10857.992136752137,0.0031282901763916016
87236.77667682452,0.004563570022583008
87312.27678086501,0.003941535949707031
34349.624826526546,0.023597240447998047
143888.25606837607,0.0043408870697021484
750905.3696530098,0.005724668502807617
13444524.061970046,0.03351950645446777
150900.09547702954,0.015565872192382812
1292563.9196766478,0.005582332611083984
13952862.350568367,0.0325167179107666
145305.89471759254,0.014855384826660156
1334732.5329949283,0.034078121185302734
700201.6273806578,0.016698360443115234
13556608.393388258,0.02520275115966797
85372.51091822385,0.00545954704284668
1257791.8374084502,0.006723880767822266
144101.25606837607,0.034413814544677734
142338.97431686008,0.017301321029663086
1322193.3174042935,0.03700661659240723
692036.7102024662,0.018763303756713867
13444524.060174206,0.03615689277648926
1297827.7155912833,0.03563070297241211
1272715.2864828245,0.0181882381439209
13952862.34852167,0.03577232360839844
1334732.5329949283,0.03697657585144043
1260231.4492940996,0.03718996047973633
1243807.1534463153,0.019280433654785156
13952851.349922296,0.036956787109375
1322193.3174042935,0.039147377014160156
1297827.7155912833,0.03983473777770996
1260231.4492940996,0.04117274284362793
27055.08282636112,0.00499415397644043
127493.77760620325,0.004724025726318359
476625.4146455588,0.005003213882446289
10638876.599984879,0.004963397979736328
47620.65034123827,0.006290435791015625
3273.651365697937,0.003807544708251953
10857.363652953896,0.0038771629333496094
70721.37768412344,0.0034172534942626953
22350.301424059293,0.004597663879394531
64597.66118639037,0.006142139434814453
171108.00548714315,0.006246089935302734
3747056.686734116,0.014794111251831055
12569.844524991588,0.01597762107849121
1011359.718669219,0.006226539611816406
14158486.368929908,0.015604257583618164
97682.08545474528,0.01635432243347168
570242.5588780124,0.015734434127807617
252171.0999894201,0.01602935791015625
496626.1985422357,0.0075533390045166016
28238.63285732719,0.004971027374267578
584317.9245622514,0.007689714431762695
64597.66118639037,0.017613649368286133
54342.83068280363,0.017760276794433594
200403.86886424723,0.01867961883544922
102401.0562785851,0.018245935440063477
462612.0318993754,0.01659870147705078
1011450.5345610384,0.0168302059173584
803626.6247916196,0.01737189292907715
498975.4232274472,0.01794266700744629
570161.7773887804,0.01858043670654297
584317.9245622514,0.018585205078125
500072.3541589742,0.01918935775756836
494008.8702072563,0.01889634132385254
200403.86886424723,0.020014047622680664
1011212.1822243591,0.019696712493896484
584317.9245622514,0.0207822322845459
174305.0,0.0010464191436767578
195218.0,0.0018744468688964844
1043973.0,0.0025446414947509766
963462.9415652674,0.01977086067199707
18123151.0,0.0030646324157714844
11102.0,0.0014119148254394531
303187.0,0.0019714832305908203
327152.0,0.019445180892944336
108118.0,0.0032033920288085938
371086.6486418801,0.021057844161987305
1432319.639551204,0.021582841873168945
195218.0,0.002184152603149414
1043973.0,0.002545595169067383
963462.9415652674,0.020060300827026367
17969393.21901727,0.011968851089477539
1927300.0,0.0033185482025146484
6042090.0,0.021610498428344727
19351592.89709189,0.013107776641845703
7283410.766261069,0.021275997161865234
19357710.58441782,0.013427734375
19358490.957796067,0.031078100204467773
108118.0,0.0028352737426757812
371086.6486418801,0.020415544509887695
1432319.639551204,0.02158975601196289
4349032.189135041,0.022127866744995117
1927300.0,0.00327301025390625
6042090.0,0.021512508392333984
19351592.89709189,0.012753486633300781
7283410.766261069,0.021805763244628906
19357710.58441782,0.014492273330688477
19358490.957796067,0.03130960464477539
67874250.0,0.022281169891357422
1955746.0,0.014681816101074219
6360562.135060681,0.03283405303955078
26546821.514909346,0.03360438346862793
4349032.189135041,0.022225618362426758
67874250.0,0.021962881088256836
1955746.0,0.01515507698059082
6360562.135060681,0.03287768363952637
26546821.514909346,0.03306770324707031
72383363.08048545,0.034870147705078125
72383363.08048545,0.034035444259643555
103318.7652352392,0.004488706588745117
178043.14852030773,0.004259347915649414
812032.3297576697,0.004497051239013672
743890.120809437,0.0069561004638671875
12392805.0,0.0035135746002197266
9000.856469729755,0.0029108524322509766
234736.7582212995,0.0032622814178466797
133834.60056036315,0.005926609039306641
99220.7253565939,0.003238201141357422
341025.491048407,0.005654335021972656
1432364.1900030111,0.006043910980224609
157929.06603080907,0.005838155746459961
729442.3978392107,0.005617856979370117
519223.3025650453,0.008167505264282227
10788682.512068996,0.013210058212280273
1754934.237507193,0.005381584167480469
5383389.926143384,0.007988691329956055
19348197.90011359,0.013602018356323242
5636152.99382494,0.0084228515625
19355685.91392032,0.014000892639160156
19354526.225903723,0.016560077667236328
87199.14184494235,0.004577159881591797
132302.78713866294,0.007024049758911133
961225.4534546499,0.0072841644287109375
3992472.7028318117,0.007296085357666016
1554525.5088632805,0.006710052490234375
2395424.383983514,0.00926065444946289
19347586.451794524,0.014720678329467773
4393311.382807384,0.00958108901977539
19355268.438330248,0.01636028289794922
19350037.172707703,0.018026351928710938
59963773.7883313,0.009764909744262695
1796018.5617855529,0.015935420989990234
5838054.27630639,0.018172502517700195
26547328.750978623,0.01867842674255371
1514056.080663905,0.009055852890014648
26962168.509064455,0.010824441909790039
1583771.707842878,0.01728367805480957
2523361.7636711933,0.019144773483276367
17285015.570350982,0.019639968872070312
66298167.26218099,0.01929926872253418
28361354.274220854,0.02093362808227539
66408.13743037914,0.00497126579284668
194534.0,0.0027647018432617188
1027816.0,0.0034868717193603516
925918.8403821662,0.0064029693603515625
17765991.505694475,0.004155158996582031
9800.030856562707,0.004325151443481445
74698.16189692095,0.0049054622650146484
55978.237186302256,0.008083581924438477
108118.0,0.0030372142791748047
329825.25608180463,0.006106376647949219
1309132.8665753477,0.00651097297668457
172911.92868491224,0.005844593048095703
577757.6589257485,0.006395578384399414
457123.3291836166,0.00933527946472168
12603485.884696936,0.015532732009887695
1918416.0,0.00417327880859375
5831078.785943432,0.0071871280670166016
19109626.079208724,0.013923168182373047
6978770.415820394,0.008288383483886719
19115828.153957497,0.01483464241027832
19116273.3793972,0.017960309982299805
95851.87191103384,0.005677461624145508
160192.80915919127,0.008633613586425781
536608.0546661663,0.009347200393676758
3733887.252986378,0.007307291030883789
1716783.7264477964,0.00716400146484375
2863384.044758622,0.010000944137573242
19108855.582880054,0.016562461853027344
4616267.290077908,0.010897397994995117
19114144.005099587,0.017658710479736328
19108295.950726822,0.02047276496887207
64945724.28754745,0.008750677108764648
1955746.0,0.01573777198791504
5942318.541358358,0.018975496292114258
24560328.01588484,0.01920938491821289
1830525.3812043592,0.010584831237792969
32313492.91378872,0.011854171752929688
1739137.7264477964,0.019054412841796875
2971834.044758622,0.022596359252929688
10635190.239101509,0.022617816925048828
66186876.37418628,0.021335124969482422
33510008.913788717,0.02308368682861328
174305.0,0.001802206039428711
195218.0,0.0018639564514160156
782751.1487619907,0.002488374710083008
523253.0,0.002043485641479492
18123151.0,0.0029723644256591797
11102.0,0.0020830631256103516
91976.0,0.0026590824127197266
33691.0,0.002183675765991211
99695.67732818649,0.0029621124267578125
332007.0,0.0024716854095458984
243497.84090309037,0.003165006637573242
195218.0,0.002514362335205078
782751.1487619907,0.0031452178955078125
523253.0,0.0025768280029296875
17969393.21901727,0.012387752532958984
1794206.5738674258,0.003492593765258789
5844309.0,0.0030891895294189453
19351592.89709189,0.012679100036621094
4140569.846251189,0.00351715087890625
19357699.59767213,0.013994455337524414
19355586.812217623,0.013104915618896484
99695.67732818649,0.0034863948822021484
332007.0,0.0030410289764404297
243497.84090309037,0.003665447235107422
3136409.7865665015,0.004030466079711914
1794206.5738674258,0.003922700881958008
5844309.0,0.003367185592651367
19351592.89709189,0.013481616973876953
4140569.846251189,0.0041043758392333984
19357699.59767213,0.014239311218261719
19355586.812217623,0.013515710830688477
54831180.841042124,0.004453897476196289
1807802.6098282,0.01477193832397461
5942157.0,0.013901472091674805
4693816.924123326,0.01514124870300293
3136409.7865665015,0.0044040679931640625
54831180.841042124,0.0050928592681884766
1807802.6098282,0.015340089797973633
5942157.0,0.014689445495605469
4693816.924123326,0.015542268753051758
55565366.78292393,0.015769004821777344
55565366.78292393,0.01612067222595215
134785.5753775151,0.003895998001098633
191835.73928181038,0.003916263580322266
16033.245350462475,0.004445075988769531
743890.120809437,0.0033359527587890625
12146719.790823324,0.0046253204345703125
10777.833333333334,0.002294301986694336
1042.6623211851402,0.0029289722442626953
319872.8333333333,0.001995563507080078
5388.607039336603,0.0029163360595703125
371124.0,0.0019161701202392578
6068.336285390627,0.0027828216552734375
188260.695838509,0.004569053649902344
16029.802694757724,0.005424976348876953
719051.753968279,0.004134654998779297
11999056.66018093,0.014182090759277344
89500.31087226898,0.005172014236450195
5755166.374809366,0.0041255950927734375
18844735.400187004,0.014456033706665039
113555.53805291519,0.00480198860168457
13153480.386584645,0.015142679214477539
18850973.721210692,0.014319658279418945
5371.4504266183285,0.003921985626220703
259486.83333333334,0.0029172897338867188
5932.315008408508,0.0031960010528564453
81119.58203597146,0.0033752918243408203
89327.62499663161,0.006104946136474609
4806402.912990516,0.005190610885620117
18844733.068766598,0.015137195587158203
112175.36741357937,0.0056989192962646484
13153271.5577693,0.0160830020904541
18850973.060602635,0.01483774185180664
1497939.7146948653,0.005883693695068359
89500.31087226898,0.016650676727294922
6360973.0,0.015613317489624023
113555.53805291519,0.015924453735351562
73932.55721364084,0.0041010379791259766
1425730.1826898104,0.006569862365722656
89327.62499663161,0.017238140106201172
4973421.333333333,0.016220808029174805
112175.36741357937,0.01778864860534668
1497939.7146948653,0.01711869239807129
1425730.1826898104,0.01717352867126465
127962.31345334725,0.0042896270751953125
194534.0,0.0028731822967529297
1025029.6535774713,0.004590511322021484
36187.0,0.0030832290649414062
17932241.0,0.0034096240997314453
10360.61102484472,0.0035173892974853516
222442.59600813317,0.0048215389251708984
1922.7142857142858,0.003614187240600586
108105.29719564065,0.0036537647247314453
13058.0,0.0024268627166748047
16287.0,0.003866910934448242
181834.87189440994,0.0049588680267333984
910654.4039179797,0.006261110305786133
34011.71428571429,0.005226850509643555
15784105.27625336,0.013793468475341797
1918416.0,0.00522303581237793
241486.0,0.004182100296020508
19350693.82910109,0.012696504592895508
297249.0,0.005506277084350586
19357693.66130254,0.014762401580810547
17719603.774929423,0.013243675231933594
99931.38664596273,0.005959510803222656
12708.428571428572,0.004297733306884766
15908.571428571428,0.005705356597900391
123368.0,0.0046999454498291016
1783631.1692546583,0.007250785827636719
234292.42857142858,0.005990266799926758
19349979.786294814,0.015003204345703125
292818.5714285714,0.007517099380493164
19357404.844513174,0.01634693145751953
17320733.248198844,0.015678882598876953
2289411.0,0.006428718566894531
1955606.269152047,0.016290664672851562
241486.0,0.014705657958984375
297249.0,0.015978574752807617
119784.14285714286,0.007084846496582031
2214694.1428571427,0.008719682693481445
1805985.1692546583,0.017878055572509766
234292.42857142858,0.01687479019165039
292818.5714285714,0.01822686195373535
2289411.0,0.01651763916015625
2214694.1428571427,0.01851940155029297
130880.78323072128,0.002861499786376953
1043973.0,0.0025000572204589844
963474.0,0.0015807151794433594
232794.7184349016,0.0038437843322753906
129714.50679829976,0.0028939247131347656
1429898.7226780783,0.0042917728424072266
39679.19532914918,0.004411935806274414
1432995.0,0.002660512924194336
79851.0,0.0017058849334716797
928184.5970804911,0.004540920257568359
669347.3841564755,0.003382444381713867
5128563.57196656,0.012532949447631836
130536.97114015446,0.01315164566040039
7283455.0,0.0029304027557373047
941961.6956800872,0.0044023990631103516
4434053.527492249,0.013380289077758789
231434.16221709797,0.01392507553100586
4509368.135058995,0.012562751770019531
127815.99193164834,0.01281285285949707
1429898.7226780783,0.005060672760009766
5720889.975039812,0.0048716068267822266
1036135.4604337646,0.014696359634399414
926831.8396977896,0.014524459838867188
5134072.0,0.01346135139465332
666890.724831826,0.013428211212158203
5128563.57196656,0.01328730583190918
1307603.597246527,0.015136480331420898
933112.8175950272,0.014620304107666016
4434053.527492249,0.014860868453979492
4509368.135058995,0.01376652717590332
6587977.464414392,0.01519322395324707
5706734.07377971,0.01488351821899414
1036135.4604337646,0.01568603515625
894218.4685724758,0.014612913131713867
1307603.597246527,0.015577554702758789
6587977.464414392,0.016057968139648438
101056.08241574689,0.00835275650024414
798884.0793537169,0.00497126579284668
717328.7701412166,0.004037141799926758
226011.07977759084,0.006424665451049805
126687.01553721544,0.005223751068115234
1309927.8263129648,0.0055904388427734375
28724.240500460073,0.007039308547973633
1432995.0,0.002485990524291992
64304.86388696553,0.0027747154235839844
717919.2799375353,0.008893013000488281
531708.4154526514,0.008353948593139648
5104259.9823439,0.015849828720092773
92825.17410710876,0.017877817153930664
5411110.432966884,0.005206108093261719
944174.2070069392,0.006582736968994141
4237567.242115899,0.015221357345581055
187456.3647801836,0.01609969139099121
4399528.430477116,0.014409542083740234
95719.27419020579,0.015236616134643555
410305.66599409305,0.007414579391479492
4525466.630407808,0.009587287902832031
776952.7292848765,0.01815009117126465
687678.0764974876,0.01877880096435547
5134072.0,0.016956806182861328
483241.6208017061,0.017822980880737305
643419.491877414,0.018033742904663086
1290075.0,0.015759706497192383
755217.3660257766,0.016924619674682617
640053.0604906784,0.016425609588623047
640004.0404993643,0.01623392105102539
4791125.938006495,0.019551992416381836
4314684.798998759,0.01937389373779297
776952.7292848765,0.020350933074951172
587975.2457034886,0.019049882888793945
1254543.6957832263,0.018030405044555664
4791125.938006495,0.020984649658203125
129805.90089013611,0.0026247501373291016
782751.1487619907,0.002496957778930664
953876.0,0.002085447311401367
74433.46490008551,0.0036118030548095703
119690.97464119349,0.003476858139038086
1445253.3357113795,0.0039038658142089844
29972.88748800649,0.005970954895019531
441321.52727516205,0.0031676292419433594
63207.48924232842,0.003476858139038086
676997.0671268066,0.004306793212890625
691502.1210989001,0.003569364547729492
5121263.334763106,0.012396097183227539
118001.50838938719,0.014049768447875977
5303741.448246169,0.0035219192504882812
353983.7358223984,0.0045375823974609375
4468950.605101264,0.013773918151855469
70566.99044559237,0.015486955642700195
4606383.938515891,0.013031959533691406
91565.34238458908,0.014781713485717773
412519.441519626,0.0063631534576416016
4502800.939941152,0.00554203987121582
755801.9922647071,0.014436006546020508
635429.5782916916,0.015873193740844727
5134072.0,0.013694286346435547
605335.5535693273,0.01558542251586914
590716.7963677072,0.014928102493286133
393145.5581575831,0.01497793197631836
326351.55253601767,0.016593456268310547
587633.5901604727,0.016041994094848633
587607.4900254897,0.015030860900878906
4762220.67815516,0.015508651733398438
4192266.6962952656,0.016969680786132812
755801.9922647071,0.017379283905029297
780880.0,0.01603865623474121
393145.5581575831,0.01767897605895996
4762220.67815516,0.017588138580322266
68652.25533768066,0.002712726593017578
1043973.0,0.0025491714477539062
523253.0,0.00199127197265625
80725.6284140862,0.0035774707794189453
25982.816038106917,0.0030672550201416016
410411.3914143529,0.00508570671081543
9404.61283075558,0.007638692855834961
329535.0,0.003124237060546875
77406.24221276185,0.0064775943756103516
598646.5215895806,0.004014015197753906
400966.270042656,0.003667116165161133
4447708.56962812,0.013361215591430664
67775.93560841688,0.0160675048828125
5244894.0,0.003446340560913086
250908.40219871985,0.004590034484863281
2946473.7927575354,0.014212369918823242
78335.86370103518,0.017520666122436523
3018838.083691923,0.014142274856567383
25688.699588790587,0.016532182693481445
361545.71919565287,0.009543180465698242
4001845.0515187783,0.00500035285949707
904868.464663109,0.015033245086669922
593382.2578522656,0.01899242401123047
5047108.054297906,0.014898061752319336
395412.84631633747,0.017484426498413086
3687169.477641653,0.017902851104736328
282375.0,0.016184568405151367
249309.96244071366,0.018951892852783203
2560269.6033756905,0.01863884925842285
2553209.527365196,0.0181272029876709
4424158.0,0.01657724380493164
3969108.6884190165,0.018827199935913086
904269.8209734189,0.019376754760742188
459376.0,0.018712759017944336
282375.0,0.01998138427734375
4424158.0,0.0205538272857666
70198.72170513318,0.0033211708068847656
1043973.0,0.0024852752685546875
963474.0,0.002103090286254883
83191.29201661816,0.004178047180175781
80451.55344376652,0.003815174102783203
442691.8016189512,0.004677295684814453
9990.985464014268,0.00410008430480957
1432747.5793855092,0.003049135208129883
79851.0,0.0011112689971923828
609662.4781981697,0.004636287689208984
582100.441692872,0.004373073577880859
4640957.4342902405,0.012423992156982422
69773.05942626632,0.01253056526184082
7283455.0,0.0035903453826904297
742120.3668340981,0.00533294677734375
3188979.6738427607,0.013843774795532227
81828.71627018918,0.013356685638427734
3743287.5943838865,0.01325368881225586
78642.46549177986,0.01322793960571289
442691.8016189512,0.0044062137603759766
5951066.261125182,0.005780220031738281
915388.5647130897,0.014585018157958984
606666.620309371,0.013776540756225586
5132917.648643391,0.014316558837890625
579280.9643909531,0.013541460037231445
4640957.4342902405,0.012759208679199219
1303472.421936738,0.015061140060424805
732517.181408065,0.014420747756958008
3188979.6738427607,0.013550758361816406
3743287.5943838865,0.013354778289794922
6925073.191613887,0.016192913055419922
5935167.032610118,0.015339136123657227
915388.5647130897,0.01486349105834961
793160.7172076369,0.014404535293579102
1303472.421936738,0.015551567077636719
6925073.191613887,0.016236066818237305
70226.83506951219,0.00504755973815918
812032.3297576697,0.0042498111724853516
743890.120809437,0.007101774215698242
91979.28279242927,0.0043735504150390625
77950.14059174355,0.007047891616821289
575302.6435728918,0.0057866573333740234
9199.453674374054,0.005001068115234375
1432950.4495481928,0.006299018859863281
63748.59999999999,0.0031099319458007812
537538.0325074615,0.00644993782043457
427427.1535924138,0.009100198745727539
4793259.387327109,0.01571965217590332
62797.12271581689,0.01512289047241211
5636152.99382494,0.008677244186401367
646913.1025618566,0.00827169418334961
3437942.900559055,0.014636754989624023
73772.12374881614,0.014179468154907227
3851629.327251746,0.017086029052734375
54134.93129705425,0.0167386531829834
191725.04189972582,0.006549358367919922
3754865.3749293117,0.010924577713012695
783862.4608686718,0.0175778865814209
501420.2474219092,0.016440868377685547
5058377.649037086,0.019643545150756836
385964.5030540183,0.018910884857177734
672433.7098499966,0.01645946502685547
1172224.6376419328,0.019219160079956055
497916.73502016556,0.01793503761291504
661290.2051017596,0.01552438735961914
642718.3636585926,0.01898813247680664
4501102.2100097425,0.021932601928710938
3555779.8391351025,0.02149057388305664
756623.6664619205,0.020830869674682617
543437.3320650107,0.02121567726135254
1134254.3876249047,0.020250320434570312
4446852.12821651,0.023076772689819336
15506206.375491299,0.006576061248779297
159258.8333871384,0.005960702896118164
39937.50926690578,0.007009744644165039
13079174.862446427,0.009299755096435547
43049375.77360647,0.006470203399658203
132712.0,0.0058307647705078125
89010.02630284111,0.0060100555419921875
43049375.773606464,0.00865316390991211
262547981.0,0.003379344940185547
76168.64008486748,0.007773160934448242
148833.01840748818,0.0062694549560546875
3274788.252724536,0.008138418197631836
266326115.0,0.003422975540161133
82320.73294274096,0.012776374816894531
156300.65900502726,0.01127934455871582
4006017.4266516846,0.013236522674560547
13711397.708651904,0.022571802139282227
163992.12196675804,0.00417327880859375
34425.60981686227,0.02213263511657715
12466375.955636865,0.02424931526184082
13843965.280461466,0.007834196090698242
171138.36910423037,0.003968715667724609
34603.19300815555,0.0067522525787353516
13757318.390682125,0.008834600448608398
743890.120809437,0.003282785415649414
68815.0,0.0038466453552246094
134887.0,0.0028426647186279297
328064.0,0.0011434555053710938
287430.0456671204,0.013265371322631836
743890.120809437,0.0033469200134277344
62682.14906671372,0.012215852737426758
287430.0456671204,0.012593984603881836
17929168.63839302,0.0032958984375
96550.99808253997,0.0046808719635009766
73544.0,0.003126859664916992
3028701.786988414,0.005173444747924805
12154007.4801889,0.004796266555786133
130543.42776983215,0.005182743072509766
78519.0,0.0036110877990722656
12154007.4801889,0.006457328796386719
54788120.12056639,0.00397038459777832
146429.12446485425,0.0036389827728271484
58104.33232280673,0.005866527557373047
2179889.485352531,0.006331205368041992
50958434.092532866,0.004172801971435547
212430.37070647278,0.005704164505004883
84228.33744491742,0.005942821502685547
32302579.967413854,0.0076715946197509766
54029647.8597285,0.004161834716796875
187542.70808023392,0.006275653839111328
73476.79371933601,0.0066814422607421875
11427425.979252053,0.008162498474121094
302871.8703365178,0.0036716461181640625
52903.5100498092,0.0039441585540771484
85699.40978861056,0.013766050338745117
3179599.1995796436,0.005272626876831055
34773.0,0.003254413604736328
46106.23870617084,0.005182743072509766
3179599.1995796436,0.006509304046630859
3790421.0,0.0037453174591064453
33759.71829990186,0.0033838748931884766
84835.28685385542,0.0037910938262939453
2855558.4712342317,0.0054590702056884766
1043973.0,0.0025725364685058594
963471.6681722372,0.005315065383911133
174305.0,0.0010669231414794922
1432861.2378801564,0.006311655044555664
303187.0,0.002119779586791992
327887.99999999994,0.004739284515380859
7283445.672688949,0.006452083587646484
1043973.0,0.0025174617767333984
963471.6681722372,0.00512242317199707
1432861.2378801564,0.006218671798706055
7283445.672688949,0.0069043636322021484
796567.4554517716,0.0060770511627197266
711384.7209992375,0.0043985843658447266
132120.84108664322,0.0034677982330322266
1299515.429224062,0.004779815673828125
297712.08842080657,0.003065347671508789
262116.0,0.001585245132446289
5369717.97339545,0.006902933120727539
796567.4554517716,0.006258964538574219
711384.7209992375,0.004305124282836914
1299515.429224062,0.003983736038208008
5369717.97339545,0.007173299789428711
3934129.211061865,0.007352590560913086
13746591.0,0.004312753677368164
163964.69760411765,0.005795717239379883
683549.6143260039,0.006645679473876953
9019.819382715108,0.008014678955078125
34523.06084451731,0.004831790924072266
1081005589.0385778,0.009027481079101562
3585187.2125319033,0.010099649429321289
12491296.925788537,0.007404327392578125
665628.3533478717,0.008992910385131836
947261330.1924593,0.011261940002441406
16382796.345330663,0.005161762237548828
13844692.109984841,0.007601737976074219
151025.10680919408,0.004803180694580078
2013673.8034234138,0.008333683013916016
41423.896024978436,0.005940914154052734
33832.60177280431,0.007869482040405273
4200973131.4940352,0.010122060775756836
11444713.013390219,0.00749516487121582
9342712.911207005,0.009883403778076172
1771020.1563528522,0.010699033737182617
2373494392.262089,0.012697696685791016
11912711.627844539,0.00529932975769043
10719713.0,0.004462480545043945
58319.0,0.00528407096862793
1917326.324524553,0.0037779808044433594
32620.96785323405,0.0047605037689208984
25624.0,0.004509687423706055
2880717918.815196,0.006225109100341797
965911.1047985475,0.007109642028808594
1243993.0,0.006547689437866211
639572.9515742974,0.006176948547363281
96500785.47841945,0.008534669876098633
126725.06929448643,0.004152059555053711
963474.0,0.001623392105102539
123079.74174348392,0.004227161407470703
38974.91689193412,0.007008552551269531
578054.5394640616,0.004664897918701172
126458.42193296588,0.015490293502807617
121381.04549915565,0.015414953231811523
577004.4014369384,0.015868186950683594
131230.93975376053,0.006380319595336914
717328.7701412166,0.0075109004974365234
273454.5684104115,0.00789952278137207
85638.2061689673,0.00487828254699707
606409.7994026509,0.010320425033569336
131227.6956696092,0.015667200088500977
269853.57032572886,0.01695537567138672
606284.1571243231,0.021574974060058594
161589.13449478603,0.003809213638305664
1550982.4707559475,0.00543522834777832
41315.512412268195,0.0038797855377197266
78519.0,0.0022695064544677734
4692943.709656186,0.013625383377075195
159005.51804945816,0.01244807243347168
1550982.4707559475,0.005213022232055664
4692943.709656186,0.014049768447875977
2012489.9259478287,0.005181312561035156
1611310.0,0.0027878284454345703
29994.0,0.005243778228759766
1580228.037094082,0.004136800765991211
37706.71391856419,0.006468772888183594
72314.0,0.003908634185791016
250013636.1143315,0.005181074142456055
1214850.0900612369,0.007895708084106445
881139.9999999998,0.005388021469116211
872022.4641225671,0.006768941879272461
81151921.481319,0.008075952529907227
264198615.02323693,0.0039021968841552734
13862968.0,0.003978252410888672
71686.16934106177,0.0046710968017578125
14136269.941843187,0.0036163330078125
138025.4490502518,0.0038604736328125
27416.876014376503,0.0039882659912109375
58905977842.086685,0.005751132965087891
3173419.0340709426,0.006186246871948242
1652692.7541004494,0.005795478820800781
1183046.881457579,0.005643367767333984
228659863.9692366,0.007094383239746094
167111591.83450064,0.003828287124633789
10638876.599984879,0.0048236846923828125
89883.85051632616,0.006726503372192383
14227143.0,0.002710580825805664
185362.81999990088,0.004647254943847656
31891.5855750949,0.005418300628662109
39250154400.53087,0.00538182258605957
9696018.43615152,0.00743865966796875
3910074.589191451,0.008006095886230469
2569669.350028619,0.006206035614013672
1083821175.0847468,0.008891105651855469
61877156.075104974,0.003705263137817383
13650234.988996675,0.004429340362548828
71939.33866712343,0.00887441635131836
4602569.0,0.002697467803955078
59609.729821156565,0.006782054901123047
28393.53002735006,0.007341861724853516
12045791458.492926,0.004841327667236328
3189638.471885239,0.008961677551269531
2029301.635381,0.009604215621948242
1414778.564990576,0.00795745849609375
316725312.22932893,0.010546445846557617
3518154.812759722,0.02301764488220215
3653475.078496063,0.0049285888671875
24157.315360696666,0.005940675735473633
1534274.944802797,0.022028446197509766
33680.13894115925,0.022670507431030273
77583.78186778733,0.004415750503540039
660353405.3605115,0.024597644805908203
3518154.812759721,0.02585005760192871
3653475.0784960617,0.007306337356567383
1534274.9448027967,0.0246126651763916
660353405.3605113,0.027584314346313477
3619342.620622563,0.004871368408203125
3747565.1056638784,0.004023075103759766
23244.602674488233,0.004870891571044922
1611310.0,0.0024776458740234375
34524.34196160962,0.003794431686401367
79570.09131407103,0.0025992393493652344
717323478.2273929,0.005682945251464844
3352767.895988149,0.006518840789794922
3381111.943853081,0.005610227584838867
1542635.3756940213,0.003979921340942383
630890738.1646898,0.006754875183105469
125894.28721636423,0.0038890838623046875
812032.3297576697,0.00458836555480957
743890.120809437,0.0220944881439209
134887.0,0.0028748512268066406
78056.98696677235,0.0031468868255615234
60934.653323639126,0.0210115909576416
9792.7839054045,0.0016906261444091797
1432421.6283885543,0.020975828170776367
303187.0,0.002097606658935547
326887.0,0.019936323165893555
1127968.2819037763,0.005727529525756836
1055678.0555712744,0.023916006088256836
125894.28721636423,0.003928184509277344
5636152.99382494,0.023084163665771484
812032.3297576697,0.004258871078491211
743890.120809437,0.021939516067504883
629347.5560710479,0.022074222564697266
78056.98696677235,0.0032339096069335938
60934.653323639126,0.021413803100585938
1432421.6283885543,0.021416664123535156
11178272.620099075,0.024890422821044922
1127968.2819037763,0.005686044692993164
1055678.0555712744,0.02291584014892578
5636152.99382494,0.023476123809814453
629347.5560710479,0.02237868309020996
11178272.620099075,0.02448582649230957
136610.3944631216,0.0039446353912353516
812032.3297576697,0.004208087921142578
743890.120809437,0.003393411636352539
134887.0,0.0029921531677246094
84527.45419937813,0.003225564956665039
68568.1074085728,0.0022618770599365234
10420.036522510709,0.0016503334045410156
1432995.0,0.0026092529296875
303187.0,0.0020020008087158203
328064.0,0.0010676383972167969
1236758.2684406713,0.005466938018798828
1181381.1698084364,0.0043528079986572266
136610.3944631216,0.003929853439331055
5636152.99382494,0.004949092864990234
812032.3297576697,0.004471540451049805
743890.120809437,0.00353240966796875
719469.8023020707,0.0038416385650634766
84527.45419937813,0.0031850337982177734
68568.1074085728,0.002338409423828125
1432995.0,0.002643585205078125
12568303.156066585,0.0063419342041015625
1236758.2684406713,0.0055921077728271484
1181381.1698084364,0.004582881927490234
5636152.99382494,0.0047664642333984375
719469.8023020707,0.003668546676635742
12568303.156066585,0.0060482025146484375
133160.08235105552,0.0026857852935791016
1038994.0262536621,0.0034356117248535156
963473.688253012,0.005007028579711914
174305.0,0.0010521411895751953
80419.62114653146,0.0048084259033203125
69873.3068277286,0.006114006042480469
9932.951440263581,0.0020689964294433594
1321691.2391034877,0.007010221481323242
272924.5823521649,0.003072500228881836
327650.0,0.004642963409423828
1200468.8555239479,0.005118370056152344
1222144.6236286862,0.006691455841064453
133160.08235105552,0.002638101577758789
7270210.570200089,0.007474184036254883
1038994.0262536621,0.0036897659301757812
963473.688253012,0.005020856857299805
724611.1795012201,0.008746147155761719
80419.62114653146,0.004550933837890625
69873.3068277286,0.005963325500488281
1321691.2391034877,0.0072634220123291016
12945668.174360324,0.009136199951171875
1200468.8555239479,0.005029439926147461
1222144.6236286862,0.006690502166748047
7270210.570200089,0.007424354553222656
724611.1795012201,0.008542537689208984
12945668.174360324,0.0089111328125
124700.79178461792,0.0025634765625
1043973.0,0.002519369125366211
963462.9415652674,0.019954442977905273
174305.0,0.0010290145874023438
76023.45998061351,0.0035800933837890625
62011.48548290918,0.020926713943481445
9461.077513769524,0.0020961761474609375
1432319.639551204,0.021049976348876953
303187.0,0.002028226852416992
327152.0,0.01937127113342285
1120836.4587383112,0.0039424896240234375
1094656.6561039067,0.021453142166137695
124700.79178461792,0.002675771713256836
7283410.766261069,0.02159905433654785
1043973.0,0.0024292469024658203
963462.9415652674,0.020038843154907227
646342.5740574719,0.022790908813476562
76023.45998061351,0.003505706787109375
62011.48548290918,0.02052450180053711
1432319.639551204,0.02059197425842285
11677413.858504316,0.02263474464416504
1120836.4587383112,0.003977060317993164
1094656.6561039067,0.021544694900512695
7283410.766261069,0.021206378936767578
646342.5740574719,0.022691965103149414
11677413.858504316,0.023246288299560547
262547981.0,0.0035943984985351562
17932241.0,0.0035407543182373047
66987.34659311706,0.004595041275024414
16636354.0,0.0015997886657714844
135021.59841173256,0.0028188228607177734
67521.2769716066,0.0026793479919433594
80323291968.0,0.004206180572509766
2546403.6463754303,0.00526118278503418
1204975.5227897938,0.005124807357788086
1155310.547887146,0.0033168792724609375
103441940.67700353,0.005648136138916016
59951332.0414158,0.0045201778411865234
17906185.703379896,0.004189491271972656
92072.53639667277,0.006604194641113281
4921469.963652694,0.0036482810974121094
65152.902985892564,0.006155729293823242
71246.8399598558,0.006094932556152344
15153320510.110462,0.005948543548583984
6659726.262352919,0.008404016494750977
2479749.9199203863,0.007651329040527344
1790807.8241192163,0.007938146591186523
483896208.3527001,0.009557962417602539
261070704.97334796,0.003526449203491211
17445261.533866886,0.0043010711669921875
84559.62979446346,0.010248422622680664
16090037.01778894,0.0027458667755126953
161500.42817289673,0.008521795272827148
69396.78136374927,0.00947260856628418
77636733116.58736,0.005286693572998047
4764509.7175388085,0.010754585266113281
1879041.4798871516,0.011962890625
1643153.306232695,0.00969552993774414
220257713.18361798,0.012302637100219727
22566454.750735477,0.004744052886962891
1477393.0,0.0033965110778808594
2685.8888888888887,0.010345458984375
16470990.627398985,0.002644777297973633
166123.78662640142,0.010036230087280273
72733.33333333333,0.008544683456420898
7412170152.043728,0.004942178726196289
383890.9555555555,0.012154817581176758
124643.82222222222,0.010909557342529297
1960855.3409943804,0.010117530822753906
27937454.088888887,0.012513160705566406
233150.42244248584,0.0042836666107177734
1300364.6580632492,0.00411224365234375
123085.0,0.002791881561279297
31531.130328784762,0.0055735111236572266
931295.9636883556,0.005196571350097656
201315.19334068638,0.015885114669799805
95704.18826774557,0.014060020446777344
774214.9732987898,0.016760826110839844
229845.42494957842,0.004113197326660156
1370512.7073931058,0.021924972534179688
157324.4749336654,0.020212173461914062
36804.091134950824,0.004768848419189453
1104756.8999614108,0.02296924591064453
215688.14649940794,0.015078306198120117
131143.62131930282,0.031687021255493164
1002471.12398388,0.034264564514160156
10950855.66648288,0.0033202171325683594
29711.144444444442,0.006368160247802734
7768263.0,0.0026595592498779297
37926.2106158092,0.007447719573974609
1823073.3123318949,0.003894329071044922
69920.58888888889,0.007019758224487305
1392973.3356115469,0.008080482482910156
2148036859.6362443,0.004487037658691406
928164.0888888887,0.0077588558197021484
781698.9304159512,0.009123802185058594
75432746.71355848,0.00952601432800293
54148305.99566283,0.004429817199707031
258980.21370845675,0.003345966339111328
16539567.0,0.002627134323120117
88463.12402994532,0.003959178924560547
4889469.942588219,0.0030455589294433594
79570.09131407103,0.00226593017578125
48981218.40038502,0.005424022674560547
12827748467.905258,0.00464177131652832
14895847.252796452,0.0038788318634033203
4642938.19743247,0.004408836364746094
11216769308.412863,0.005833148956298828
2085635.3145528552,0.006359577178955078
58888.03159207248,0.004343986511230469
4790032.815925134,0.003260374069213867
10153.263167317129,0.007173299789428711
598804.2892315455,0.00610041618347168
69372.6418725577,0.004101753234863281
508083.4925918716,0.008974313735961914
344888600.04603845,0.008357763290405273
1293870.9234800432,0.005804300308227539
256302.54052841646,0.009690999984741211
27945308.09250735,0.010571718215942383
40268421.65133593,0.004533529281616211
272833.0,0.0021474361419677734
16539567.0,0.0025148391723632812
46914.62551568673,0.0027992725372314453
3598750.5965525485,0.0032787322998046875
79851.0,0.0009946823120117188
40268421.65133593,0.00457763671875
9671775888.76323,0.0050411224365234375
16539567.0,0.002481698989868164
3598750.5965525485,0.003329753875732422
9671775888.76323,0.005230426788330078
3764669.237681579,0.005785942077636719
260937.011998088,0.0030641555786132812
16636354.0,0.001699686050415039
9890.442407933326,0.006374359130859375
443222.9296218684,0.005104780197143555
79570.09131407103,0.002583026885986328
3390774.404596733,0.006868124008178711
907830413.8256565,0.0058460235595703125
14977386.34168534,0.003197908401489258
425118.4670809138,0.006304502487182617
788494608.7362014,0.0067195892333984375
14192767.011036647,0.006051063537597656
155272.22857077734,0.0029735565185546875
16394713.0,0.0026810169219970703
28973.290790523344,0.007230043411254883
1600220.9615867357,0.006826162338256836
70013.01826571606,0.003887176513671875
1509783.0575013855,0.008232355117797852
3223891749.580574,0.007505893707275391
1622974.8732165615,0.0043964385986328125
759438.6382670699,0.008643627166748047
82072185.52609156,0.009477376937866211
1474239.1772947977,0.006066322326660156
28353.613038365336,0.0033516883850097656
1035952.3571803549,0.0026466846466064453
17995.152518025723,0.007505178451538086
1601095.1146763295,0.007206916809082031
52575.275304643634,0.004250049591064453
199096.2533685348,0.008177518844604492
94347665.410345,0.007676601409912109
315643.73989677563,0.0047838687896728516
238773.99405791773,0.009135007858276367
4157402.800837257,0.009809255599975586
14227143.0,0.002592802047729492
277348.0,0.0025877952575683594
16636354.0,0.0015537738800048828
34773.0,0.003242969512939453
1611310.0,0.002408742904663086
79851.0,0.002340078353881836
14227142.999999998,0.004015684127807617
3269439549.0,0.0029993057250976562
16636354.0,0.003001689910888672
1611310.0,0.003688335418701172
3269439548.9999995,0.004254579544067383
71793.63072500404,0.005146980285644531
118325.18391783783,0.004462480545043945
812032.3297576697,0.004758596420288086
742604.276801532,0.00400233268737793
8854.36700602427,0.004429817199707031
96661.69816734603,0.00431370735168457
99414.38043762645,0.003784656524658203
72488.26759526378,0.0034439563751220703
58077.42921679694,0.003021240234375
1311647.0,0.0029909610748291016
116277.30358343848,0.006588935852050781
551845.5307552097,0.006551027297973633
548923.3289815297,0.0060291290283203125
1055763.1801610247,0.005814790725708008
1010007.8456054837,0.0052487850189208984
5625985.11630863,0.005535125732421875
70414.2078764779,0.0058498382568359375
57829.01962487689,0.00533604621887207
835637.6821136519,0.0056056976318359375
602163.0221410664,0.004454851150512695
1037697.2413482752,0.008312702178955078
1007952.1521952617,0.00755763053894043
5007829.208354488,0.00754547119140625
10678885.117507566,0.006992816925048828
600038.9587370143,0.007123470306396484
10660569.160268484,0.009336233139038086
78160.56769499826,0.0049746036529541016
132645.06674536818,0.0036530494689941406
1026597.4148845675,0.004874706268310547
930037.2303523035,0.0063402652740478516
9106.02114737923,0.0050334930419921875
81237.41140061384,0.006141185760498047
56909.396138948905,0.0076062679290771484
79906.89459272995,0.004549503326416016
72475.85490049912,0.006251335144042969
1392300.6613634753,0.007132291793823242
122748.0825615775,0.006866931915283203
599272.7065181663,0.00743556022644043
432614.44661266514,0.009059667587280273
1199450.2731813148,0.005998134613037109
1249342.490793041,0.007486104965209961
6997324.432128477,0.008455038070678711
71902.69269391234,0.007349252700805664
44212.96020822091,0.009029150009155273
455163.3681011443,0.010055065155029297
755430.7561978584,0.008417606353759766
1079662.0242974015,0.009004831314086914
798498.0616151162,0.010442972183227539
3615073.508512093,0.011636495590209961
13275480.33224751,0.010431528091430664
409049.4531956176,0.01140284538269043
7668053.314620007,0.012843847274780273
127853.26919668919,0.005640506744384766
147914.0,0.003030538558959961
1027816.0,0.003538846969604492
926060.0,0.0032062530517578125
11048.68420911689,0.004812479019165039
234376.54610262788,0.0054683685302734375
121807.52611607632,0.00496363639831543
90012.0,0.0027887821197509766
77741.0,0.002502918243408203
1311647.0,0.0030324459075927734
147098.05041787177,0.006756305694580078
913070.056172272,0.0068569183349609375
678299.0646014947,0.006982564926147461
1334621.0,0.004406452178955078
1342566.0,0.0038912296295166016
6979752.0,0.004484891891479492
89415.3672417347,0.006417751312255859
67800.41779767412,0.005745649337768555
929240.9223038105,0.006441354751586914
809019.0,0.0038220882415771484
1325066.2270594756,0.007760763168334961
1198237.9972061794,0.007330417633056641
5813120.011922149,0.00790715217590332
14224781.0,0.0054090023040771484
683899.1603535113,0.007254838943481445
12372245.239558674,0.008751869201660156
171399.0,0.002518892288208008
179227.42393120442,0.002925395965576172
1027140.0289337413,0.0044231414794921875
60641.10008497499,0.007109403610229492
10186.0,0.0022308826446533203
298004.2440106416,0.0036575794219970703
99220.7253565939,0.004094123840332031
179227.42393120442,0.003583192825317383
1027140.0289337413,0.004958152770996094
53506.21373051197,0.016988754272460938
1766850.3122139531,0.005596160888671875
113247.96440752262,0.016829490661621094
350912.25716336747,0.017995119094848633
99220.7253565939,0.004914760589599609
1766850.3122139531,0.006273508071899414
113247.96440752262,0.017494916915893555
350912.25716336747,0.018552780151367188
1030004.6426902775,0.01909804344177246
1030004.6426902775,0.019675493240356445
1631365.0793822396,0.005846261978149414
22589868.604234222,0.004637718200683594
82461.08943730773,0.007972002029418945
4666.970762788493,0.0049741268157958984
12949993.295084344,0.005049943923950195
105569.40021504364,0.008336544036865234
38875.95978690413,0.005349874496459961
529216.4621813071,0.007207393646240234
179916.43085986405,0.004142284393310547
1017.228928228124,0.007527589797973633
5741301185.539335,0.0074176788330078125
20087041.452415444,0.010857820510864258
735140.0588518621,0.007740497589111328
225225716.06988165,0.009574413299560547
3365895.3865730464,0.006602287292480469
51084.30604988673,0.009873151779174805
164783956.31523696,0.010217428207397461
4258308.1438301625,0.006909847259521484
84062.01252486966,0.010367155075073242
166308.3049560389,0.009060382843017578
84050080646.99066,0.012365341186523438
782041443.1411991,0.00935220718383789
8318790.836577004,0.012720346450805664
27369129.033400167,0.011559009552001953
34625360.03407908,0.012226104736328125
7931296325.307142,0.014267921447753906
14839482.419093715,0.004785060882568359
60785650.64503764,0.0038640499114990234
584283.3275992551,0.007327079772949219
44718.0,0.003297090530395508
5084516.279065033,0.004121065139770508
97057.16930284176,0.007563591003417969
27516.73181261908,0.0033049583435058594
199374.473295041,0.007012367248535156
42225.64761118075,0.002693653106689453
492.79733900303745,0.006235599517822266
15387554655.921625,0.0060617923736572266
192430614.20033854,0.00950169563293457
304200.2595889206,0.005369663238525391
582652434.5339036,0.008936882019042969
488948.8702114992,0.004705905914306641
17591.828526169615,0.008090019226074219
51565252.636885874,0.009023904800415039
364757.6069205456,0.004770517349243164
11843.154405218313,0.00836944580078125
15188.145903231283,0.007826089859008789
252275888065.32584,0.011224508285522461
14078935.8075772,0.006796360015869141
1152718.9335069389,0.010208606719970703
1538830.8309970123,0.009531497955322266
655629.6406240562,0.009864091873168945
133840560.21515375,0.011668682098388672
266326115.0,0.0030889511108398438
17669857.254731476,0.003864288330078125
618795.2356783842,0.022649765014648438
64768.42030285558,0.005151987075805664
16000669.479177617,0.002758502960205078
534228.5925259391,0.021532058715820312
127237.8558740044,0.003721475601196289
63911.852435748784,0.022378921508789062
64651.64747073917,0.004655599594116211
829.9924846853619,0.023368120193481445
78930381459.74089,0.004760026931762695
2783387486.5250597,0.023120641708374023
2183331.57580967,0.005733966827392578
150017332.23204646,0.023543834686279297
1069017.1788773234,0.006392478942871094
90556.7362670206,0.024474143981933594
128995163.20541513,0.022415876388549805
1056292.7355322735,0.0051043033599853516
61206.68697089947,0.02378225326538086
27679.06335011862,0.02435302734375
905789860919.7231,0.024785518646240234
80195452.88355227,0.007018089294433594
15353060.402812444,0.02598285675048828
5017681.202091287,0.02689647674560547
3293714.1563423267,0.02546072006225586
1047681737.6558465,0.02671504020690918
4904854.1511127185,0.006439685821533203
165407329.0999086,0.0045664310455322266
12392805.0,0.003387928009033203
16005.0,0.004234790802001953
5045632.5786020905,0.0054874420166015625
566370.0139659345,0.004246234893798828
5019.149819682825,0.005213022232055664
16374213.557943579,0.0025942325592041016
22296.75089070893,0.0035965442657470703
35383.0,0.0023522377014160156
18618780738.029453,0.00793147087097168
1122659791.8227496,0.007185459136962891
32644.28325320839,0.007750034332275391
49159298952.00319,0.0049896240234375
87674.87544535447,0.006020069122314453
143466.0,0.004734992980957031
1233753378.711709,0.00587010383605957
38596.490125621145,0.0068471431732177734
55647.27464435523,0.005476951599121094
140909.0,0.0039975643157958984
6045036247757.225,0.00833582878112793
386314.66311903525,0.009397029876708984
461645.6112425481,0.008085250854492188
1040239.0,0.006311893463134766
552778.3228255571,0.007276773452758789
6402104.611349958,0.009723424911499023
164468.94779121008,0.006921052932739258
169562385.0,0.003545999526977539
12392805.0,0.0035431385040283203
132712.0,0.003027200698852539
159058.13641842065,0.00509190559387207
24416.37237451817,0.004923105239868164
717.9560925826399,0.004378557205200195
16636354.0,0.0016238689422607422
277348.0,0.0011157989501953125
79851.0,0.000978708267211914
541020878.1830965,0.0073549747467041016
31668706.97503861,0.007244110107421875
164468.94779121008,0.006773948669433594
50642762335.0,0.0039865970611572266
169562385.0,0.003479480743408203
12392805.0,0.003390073776245117
33982973.38834554,0.005400419235229492
159058.13641842065,0.00498509407043457
24416.37237451817,0.004774808883666992
16636354.0,0.00156402587890625
162683990717.06674,0.007869958877563477
541020878.1830965,0.0074307918548583984
31668706.97503861,0.007266044616699219
50642762335.0,0.003966808319091797
33982973.38834554,0.005460977554321289
162683990717.06674,0.008028030395507812
4117739.1901328787,0.006331682205200195
259387556.88298517,0.0032863616943359375
17758106.27241107,0.003173828125
73140.23206693488,0.0049173831939697266
3413870.528513776,0.004619598388671875
408423.6419719334,0.004524707794189453
8129.42091823369,0.0061380863189697266
16636354.0,0.0016450881958007812
142949.21652683755,0.00318145751953125
68936.76701583955,0.003069639205932617
17902734472.050743,0.006829738616943359
1007725800.1093549,0.006636619567871094
543230.9277488083,0.008359670639038086
79386636600.03319,0.0037283897399902344
3816964.4103236324,0.005319118499755859
1527600.827106707,0.005222797393798828
817265660.752284,0.005030393600463867
381502.0622503982,0.006688594818115234
198454.46760365143,0.006482601165771484
1347671.506231632,0.003589153289794922
5917599648639.706,0.00725555419921875
125125922.90535463,0.008831501007080078
33547382.64516434,0.00859379768371582
213102256.64812225,0.005769491195678711
21401962.80491169,0.007032871246337891
11513393246.22238,0.009287834167480469
154129.87260898578,0.003428220748901367
141116.97191959718,0.006225109100341797
7216.844363916428,0.006514072418212891
39221.15833573381,0.0053293704986572266
1454614.6595215849,0.005719661712646484
79851.0,0.000978231430053711
126583.44079881889,0.007711648941040039
140560.02759307344,0.014777421951293945
5133716.422259229,0.014854669570922852
7213.913374326568,0.014357566833496094
4343616.916516075,0.014694452285766602
1454614.6595215849,0.005879640579223633
126505.70585036934,0.01630687713623047
134120.59984744704,0.017194271087646484
5133716.422259229,0.014825582504272461
4343616.916516075,0.014452934265136719
5134010.950100567,0.016277790069580078
595.0,0.0016906261444091797
89895.05142040121,0.004827022552490234
3780456.995766342,0.0037894248962402344
4852757.070120333,0.003892183303833008
34773.0,0.004237174987792969
78519.0,0.00444340705871582
1603928.0,0.003378629684448242
22725.59774711084,0.012384176254272461
1468783.155783225,0.011471748352050781
1000425.4697935509,0.011370182037353516
3780456.9957663408,0.006191730499267578
4852757.070120332,0.006195783615112305
645227962.4238644,0.005319118499755859
1603928.0,0.005754947662353516
1468783.155783225,0.013701677322387695
1000425.4697935509,0.013830184936523438
154753624.87934354,0.012769460678100586
645227962.4238642,0.0075991153717041016
154753624.8793435,0.014961004257202148
170538.0,0.0017545223236083984
176470.08070500218,0.0023534297943115234
963474.0,0.005109548568725586
7617.107007690751,0.0025055408477783203
265542.0,0.005305767059326172
4726189.733109581,0.003756284713745117
88252.99151889705,0.003280162811279297
342904.9563113912,0.005761384963989258
77832.24632086555,0.0027408599853515625
135112.58282207005,0.0031669139862060547
751752.0,0.005773305892944336
5019104.26206313,0.011862993240356445
170515.74634376698,0.011920928955078125
5632532.986630943,0.006341218948364258
77031.79661276445,0.00648045539855957
4701974.865258642,0.012764692306518555
7610.769134154301,0.012681961059570312
5019104.26206313,0.015748023986816406
262176.2412561174,0.015571355819702148
4726189.733109581,0.004624843597412109
1473143.1339316105,0.006852149963378906
140352.6734813629,0.0138092041015625
135001.35900843644,0.012734174728393555
5019104.26206313,0.016536474227905273
751216.8490350368,0.018327713012695312
5019104.26206313,0.013039588928222656
86329.98239000479,0.01749396324157715
76832.85701333433,0.016106128692626953
4701974.865258642,0.013205766677856445
5019104.26206313,0.016656160354614258
1648751.9592318616,0.017856121063232422
1469625.9867180644,0.017185449600219727
5019104.26206313,0.014441490173339844
5019104.26206313,0.017446517944335938
5018970.569376684,0.017827272415161133
1648751.9592318616,0.018754243850708008
58565.96155891917,0.004977703094482422
170135.23353311187,0.0041310787200927734
812032.3297576697,0.00427699089050293
743890.120809437,0.02117443084716797
12279603.497659437,0.0042307376861572266
132712.0,0.002969503402709961
8928.538927708796,0.003998279571533203
79486.7531975994,0.004119157791137695
62901.802206040564,0.02092123031616211
95034.29996326799,0.0033118724822998047
321436.06854716345,0.02034759521484375
1429982.9585572018,0.020386457443237305
78118.70656088578,0.0018804073333740234
157355.09779171893,0.006363630294799805
498858.0639139889,0.0065233707427978516
407435.7122296449,0.02343893051147461
8718088.194646502,0.014699935913085938
85920.11074390475,0.013412952423095703
1683646.7332619422,0.0055849552154541016
5126420.002184478,0.022489070892333984
19067424.91780911,0.014191865921020508
159394.66245738257,0.012944698333740234
5636152.99382494,0.02270793914794922
19074397.75002386,0.014548301696777344
708061.8412951275,0.012997627258300781
19073700.410551317,0.03132009506225586
601570.7692152356,0.02992844581604004
12279603.497659437,0.004315614700317383
87070.79098703936,0.005461215972900391
165777.90670814874,0.022360563278198242
598492.508775279,0.022696256637573242
3764760.713974374,0.021743059158325195
1558110.5824991702,0.007695913314819336
2982417.972687527,0.024532318115234375
19066850.64007017,0.01629185676574707
150380.60511580028,0.015140056610107422
4015347.9885404874,0.024759292602539062
19072237.450979114,0.016632556915283203
447441.0308677213,0.015325307846069336
19066511.425081186,0.03344392776489258
347143.3368678262,0.03202104568481445
8718088.194646502,0.014748811721801758
57184711.140896074,0.024076461791992188
1716978.7817697106,0.016045570373535156
1533759.2591344847,0.014428853988647461
5499591.546288868,0.032939910888671875
4010046.474203467,0.03136491775512695
19067424.91780911,0.014227628707885742
26522651.26505685,0.03343939781188965
4218705.581144885,0.03125357627868652
19074397.75002386,0.014512777328491211
19073700.410551317,0.03136754035949707
1832880.9088461718,0.023681163787841797
32582545.426956642,0.026245832443237305
1581879.9724690004,0.018811941146850586
1462170.004536391,0.016954421997070312
3093958.8716161656,0.03555130958557129
2721354.169963355,0.03353595733642578
19066850.64007017,0.016482114791870117
11843348.07193151,0.03526496887207031
3253276.617898847,0.033857107162475586
19072237.450979114,0.01650834083557129
19066511.425081186,0.03347158432006836
62420860.035595894,0.03461265563964844
41293677.23397503,0.03373527526855469
1716978.7817697106,0.016466379165649414
5499591.546288868,0.03300166130065918
26522651.26505685,0.033068180084228516
33806676.86764339,0.036957740783691406
29275163.55868626,0.03464984893798828
1581879.9724690004,0.01867365837097168
3093958.8716161656,0.03529810905456543
11843348.07193151,0.03556990623474121
62420860.035595894,0.034596920013427734
33806676.86764339,0.03681135177612305
173640.28949349048,0.003907203674316406
179909.42393120442,0.0021190643310546875
1043973.0,0.002444744110107422
963474.0,0.0015506744384765625
18123151.0,0.002884387969970703
171470.0,0.0023818016052246094
9309.174664971313,0.004448413848876953
302111.7706642635,0.0050809383392333984
305259.82849163876,0.0038640499114990234
99220.7253565939,0.0030655860900878906
341025.491048407,0.0021431446075439453
1432995.0,0.0024361610412597656
79851.0,0.0010325908660888672
164405.9111231916,0.004900693893432617
1037403.8948296801,0.005341291427612305
871602.6415117153,0.004532575607299805
17937027.931182344,0.014464616775512695
159646.4251560819,0.013582706451416016
1775714.3122139531,0.00410771369934082
5620201.60966487,0.002801656723022461
19351592.89709189,0.012871026992797852
174251.99660870704,0.012728452682495117
7283455.0,0.0031065940856933594
19357710.58441782,0.013375997543334961
905996.4064996142,0.012699127197265625
19358490.957796067,0.01253366470336914
771911.0887003046,0.011609077453613281
18123151.0,0.0028867721557617188
89741.41773404702,0.00597071647644043
156196.58901075192,0.004921913146972656
1305191.7290035873,0.005304098129272461
3992472.7028318117,0.003506898880004883
1608566.8142226117,0.006575345993041992
2853715.375965734,0.005612611770629883
19350891.314924095,0.015621423721313477
161447.321963737,0.015309810638427734
6243155.109599506,0.005975008010864258
19357534.53031014,0.01623845100402832
903424.8997991323,0.015776395797729492
19356633.67030832,0.014945030212402344
735688.7788337439,0.014816522598266602
17937027.931182344,0.014261960983276367
63251228.46826517,0.004042387008666992
1796018.5617855529,0.014597177505493164
1691265.4114569668,0.013666152954101562
5838054.27630639,0.01370382308959961
4740270.732312224,0.012738704681396484
19351592.89709189,0.013761758804321289
26553972.0,0.014973163604736328
5465234.455695824,0.01357412338256836
19357710.58441782,0.013662576675415039
19358490.957796067,0.012560844421386719
1715502.1135002438,0.0065615177154541016
30801349.85582465,0.0069580078125
1623563.4235421782,0.01749873161315918
1570131.746673789,0.01664447784423828
2927304.5035345154,0.016491413116455078
2738802.016756264,0.015748023986816406
19350891.314924095,0.015655994415283203
24254337.928286392,0.01700115203857422
5065706.445553458,0.01616692543029785
19357534.53031014,0.016050338745117188
19356633.67030832,0.01518106460571289
66298167.26218099,0.014984607696533203
49387362.92576002,0.014384269714355469
1796018.5617855529,0.015342473983764648
5838054.27630639,0.014088869094848633
26553972.0,0.013725996017456055
31610920.259081244,0.018682479858398438
29355625.106527787,0.01783156394958496
1623563.4235421782,0.017887592315673828
2927304.5035345154,0.016523122787475586
24254337.928286392,0.016737937927246094
66298167.26218099,0.015085697174072266
31610920.259081244,0.017986536026000977
117180.27045646455,0.0050275325775146484
186006.06897782168,0.00452876091003418
798884.0793537169,0.006121397018432617
717328.7701412166,0.022447824478149414
12248265.950246703,0.00402522087097168
130543.42776983215,0.003420591354370117
10806.073667625793,0.003369569778442383
237992.50963404894,0.004647970199584961
164188.77089519784,0.021399497985839844
105548.49244950636,0.004335641860961914
358752.98173100787,0.020562410354614258
1411916.479426274,0.02179694175720215
79851.0,0.0010538101196289062
186006.06897782168,0.0059452056884765625
777623.548404525,0.007474422454833984
632326.8607918844,0.024187088012695312
11983164.569297705,0.013717412948608398
120451.0703457428,0.013909339904785156
1836701.5684576028,0.0070858001708984375
5426966.117022355,0.023397445678710938
19347481.242514815,0.013803958892822266
168803.8944746837,0.013185262680053711
5411110.432966884,0.024875640869140625
19355307.019229498,0.015363454818725586
697762.1110596601,0.014981985092163086
19353387.433487214,0.032233238220214844
585230.4843128198,0.031501054763793945
12248265.950246703,0.004118204116821289
105548.49244950636,0.005875587463378906
358752.98173100787,0.022419452667236328
1146840.2662864486,0.023839712142944336
4203464.422275453,0.02278280258178711
1836701.5684576028,0.008361101150512695
5426966.117022355,0.024530410766601562
19347481.242514815,0.015026092529296875
168803.8944746837,0.014645814895629883
5286173.849584637,0.025732994079589844
19355306.77257981,0.016816377639770508
679065.1693783447,0.016713857650756836
19353381.388500556,0.03281283378601074
514336.30118979886,0.03327798843383789
11983164.569297705,0.01381993293762207
59678726.194031514,0.02613043785095215
1906561.2255111812,0.016869544982910156
1617392.3751925873,0.015651941299438477
6137280.5744393105,0.03263258934020996
3965085.548845842,0.03238987922668457
19347481.242514815,0.013825416564941406
26142868.411946937,0.0346221923828125
4092183.2465827586,0.033765554428100586
19355307.019229498,0.015316486358642578
19353387.433487214,0.03230547904968262
4203464.422275453,0.025454998016357422
59678726.194031514,0.02711963653564453
1906561.2255111812,0.018166303634643555
1617392.3751925873,0.01684284210205078
6137280.5744393105,0.03426337242126465
3965085.548845842,0.034085750579833984
19347481.242514815,0.015558481216430664
20828665.863476392,0.03638935089111328
3992682.9120547045,0.03522133827209473
19355306.77257981,0.0173795223236084
19353381.388500556,0.03338909149169922
69748829.51691446,0.035813093185424805
40755692.37646521,0.03454446792602539
1906561.2255111812,0.016777515411376953
6137280.5744393105,0.03300166130065918
26142868.411946937,0.03418588638305664
69748829.51691446,0.03732562065124512
40755692.37646521,0.036348581314086914
1906561.2255111812,0.01833176612854004
6137280.5744393105,0.03496289253234863
20828665.863476392,0.036757707595825195
69748829.51691446,0.035576820373535156
69748829.51691446,0.037268877029418945
84315.96075975017,0.003558635711669922
179227.42393120442,0.0029637813568115234
1027816.0,0.0034799575805664062
925899.2429545089,0.0067555904388427734
17145489.190373674,0.004469871520996094
168728.0,0.0027773380279541016
10124.840795272765,0.003132343292236328
96403.06513448572,0.003519296646118164
98361.93328389832,0.006986141204833984
99220.7253565939,0.003283262252807617
308078.2098306361,0.006237506866455078
1310000.2009011437,0.007052183151245117
75934.1176165118,0.0021746158599853516
178894.02452073555,0.00476527214050293
658084.2664161964,0.0053331851959228516
663240.4219863582,0.008419990539550781
13518732.480911843,0.014682292938232422
128275.0095358095,0.012764215469360352
1766850.3122139531,0.004618167877197266
5410605.10782725,0.007506370544433594
18382173.582747318,0.014050483703613281
172875.2409401709,0.012404918670654297
6978914.579888468,0.008082866668701172
18387672.79949594,0.01466989517211914
893542.7542194453,0.01322031021118164
18388505.522627205,0.018099546432495117
749783.1822279689,0.016486167907714844
17145489.190373674,0.004322528839111328
98634.68896508182,0.004663944244384766
308001.1897437906,0.00832676887512207
829646.7838742161,0.008400678634643555
3506717.3169116178,0.007779121398925781
1763439.1820570836,0.0061647891998291016
5410070.166043899,0.00899815559387207
18382142.08492325,0.015686511993408203
172542.3788592293,0.013872146606445312
6096931.067815706,0.010084867477416992
18387556.12274896,0.016576766967773438
585064.7433411747,0.014691829681396484
18386006.738522515,0.019744396209716797
526667.1341422868,0.01795220375061035
13518732.480911843,0.014900445938110352
60334088.45356419,0.009160518646240234
1796018.5617855529,0.01595592498779297
1674406.073783512,0.014179229736328125
5503406.324933164,0.019672393798828125
4585301.251221501,0.017047882080078125
18382173.582747318,0.014229774475097656
24581787.18100801,0.019373178482055664
5297789.782953338,0.017415761947631836
18387672.79949594,0.014605283737182617
18388505.522627205,0.017663002014160156
3505770.1900733295,0.008950948715209961
60328691.96747512,0.01032400131225586
1792462.4434923802,0.017738819122314453
1671012.1381715173,0.015694141387939453
5502871.383149814,0.020727872848510742
4584815.743754665,0.018655061721801758
18382142.08492325,0.01574993133544922
16706668.51315696,0.020830869674682617
4561709.477055791,0.019299030303955078
18387556.12274896,0.01611161231994629
18386006.738522515,0.019109725952148438
61399212.28941492,0.02051377296447754
47489077.41488948,0.018632888793945312
1796018.5617855529,0.016030550003051758
5503406.324933164,0.019016027450561523
24581787.18100801,0.019507169723510742
61393815.80332584,0.022353410720825195
47485262.82692886,0.02013683319091797
1792462.4434923802,0.017641067504882812
5502871.383149814,0.02056288719177246
16706668.51315696,0.020891189575195312
61399212.28941492,0.020190715789794922
61393815.80332584,0.021865129470825195
146214.64342186908,0.0026979446411132812
1043973.0,0.0025360584259033203
963474.0,0.0014977455139160156
241270.9775024519,0.0035474300384521484
166268.9170152719,0.0026612281799316406
1581581.00167647,0.005026102066040039
36139.354442716925,0.008313417434692383
1432995.0,0.0024526119232177734
69183.66666666666,0.007391214370727539
988315.2307199617,0.004010200500488281
826269.9881507577,0.0031354427337646484
5058458.890684915,0.01316380500793457
134230.56880757844,0.01717233657836914
7283455.0,0.0030291080474853516
1162278.3093613018,0.004291057586669922
4584600.942975471,0.015124082565307617
220306.80320109302,0.01851034164428711
4704967.707566558,0.013219356536865234
133107.54979713116,0.01692986488342285
688923.4983740026,0.01005101203918457
7037939.527611537,0.004607677459716797
1043973.0,0.015200376510620117
945916.7201863438,0.0181732177734375
5058717.0,0.014026641845703125
770969.4588636094,0.01725459098815918
1068126.4906849149,0.018050432205200195
1432995.0,0.015232563018798828
1032517.4740622147,0.01839613914489746
1065356.5421013932,0.01960587501525879
1065567.5503374815,0.01813960075378418
7283455.0,0.015640735626220703
6828477.901607369,0.018624544143676758
1041645.167074318,0.020793676376342773
1068384.5999999999,0.0193026065826416
1385302.397618142,0.020550251007080078
7254739.241860651,0.02046656608581543
145721.51342199347,0.003637075424194336
141178.35262075622,0.0022268295288085938
728773.7460626423,0.002561330795288086
963473.688253012,0.0050811767578125
10614.109843943566,0.004154682159423828
59996.756244480086,0.004670381546020508
164172.50659728248,0.007091522216796875
41282.8881425999,0.0061495304107666016
84241.58885417845,0.003287076950073242
72711.20698092366,0.005598306655883789
369581.1223157314,0.005970478057861328
141178.35262075622,0.004698038101196289
683293.6764662398,0.00504755973815918
824778.7069802461,0.007605791091918945
144841.98684130074,0.014856815338134766
1248494.0339815528,0.0036461353302001953
1266764.6149843372,0.006165981292724609
5068103.441462686,0.006632328033447266
84241.58885417845,0.005768537521362305
72711.20698092366,0.007983207702636719
135320.8902442524,0.01549530029296875
333621.5268339435,0.008870840072631836
59810.38808427034,0.015893936157226562
160236.70878126792,0.01828789710998535
660369.1780989185,0.0075871944427490234
1248494.0339815528,0.006320953369140625
1266764.6149843372,0.0090179443359375
141177.96997820266,0.015949487686157227
4875629.231220464,0.00915670394897461
680376.2688808099,0.016083955764770508
821007.0645334765,0.01813983917236328
11992885.918728033,0.0074825286865234375
660369.1780989185,0.010074138641357422
84240.51997399183,0.017120838165283203
72704.16635793797,0.018895626068115234
332702.0233404625,0.019302845001220703
11992885.918728033,0.010052680969238281
1248488.6895806198,0.01686382293701172
1266729.4118694088,0.019448041915893555
4866276.065738047,0.01985335350036621
660270.8411217484,0.020244836807250977
11992394.233842183,0.021192073822021484
171399.0,0.0051233768463134766
141916.40624830837,0.003354787826538086
1025832.5148408395,0.004505634307861328
930042.0,0.002550363540649414
10592.035806868602,0.004868984222412109
289217.26993796485,0.005860328674316406
323483.6740616447,0.003978729248046875
88631.64010750376,0.006676673889160156
86539.50470296334,0.004313230514526367
76472.55277355618,0.0027115345001220703
1367001.3160466773,0.0036902427673339844
141916.40624830837,0.0063741207122802734
1025832.5148408395,0.00746464729309082
930042.0,0.005547046661376953
171399.0,0.015916824340820312
1289724.2825922573,0.005885601043701172
1308300.8254838819,0.003840208053588867
6994911.533024857,0.004985809326171875
86539.50470296334,0.007234334945678711
76472.55277355618,0.0052335262298583984
154248.7129696604,0.015037775039672852
1367001.3160466773,0.006386995315551758
289217.26993796485,0.017232894897460938
319493.3129100008,0.014765024185180664
798331.2646249131,0.0050067901611328125
1289724.2825922573,0.008794784545898438
1308300.8254838819,0.006777763366699219
141916.40624830837,0.017330169677734375
6994911.533024857,0.008083820343017578
1025832.5148408395,0.01840806007385254
930042.0,0.017035961151123047
13926014.935806185,0.0063745975494384766
798331.2646249131,0.007819175720214844
86539.50470296334,0.01857900619506836
76472.55277355618,0.016378164291381836
1367001.3160466773,0.016981124877929688
13926014.935806185,0.009287118911743164
1289724.2825922573,0.019316434860229492
1308300.8254838819,0.017962932586669922
6994911.533024857,0.01902484893798828
798331.2646249131,0.019272565841674805
13926014.935806185,0.020304441452026367
