wjsample,wjsample-time
79851.0,0.522
11442218.0,0.842
28747360.0,0.725
36348240.0,0.608
6187271.0,0.62
1433768.0,0.66
52767794.0,0.536
10921.0,0.344
6362775.0,0.909
40506179.0,0.521
9275.0,0.233
4193348.0,0.829
174146.0,0.234
823461.0,0.604
302910.0,0.2
822709.0,0.649
3331189.0,0.68
168698.0,0.205
5718.0,0.219
3331192.0,0.58
8112262.0,0.669
126297.0,0.226
16771.0,0.234
7703293.0,0.552
257797181.0,0.594
159786.0,0.219
262859.0,0.187
240337204.0,0.491
7894498.0,0.49
167954.0,0.193
35099.0,0.173
147707.0,0.446
36853.0,0.551
129657.0,0.192
132.0,0.186
544.0,0.455
11327689.0,0.58
131729.0,0.196
79610.0,0.182
11327709.0,0.493
11453424.0,0.596
126211.0,0.226
75652.0,0.191
10868608.0,0.504
590.0,0.307
1788706.0,0.488
1273.0,0.649
10993.0,0.215
297366.0,0.19
51957.0,0.671
35894.0,0.744
11083.0,0.178
90164.0,0.184
10883.0,0.386
283611.0,0.221
87283.0,0.205
278851.0,0.431
312204.0,0.226
34573.0,0.191
32953.0,0.385
1792261.0,0.44
35093.0,0.179
88883.0,0.169
78167.0,0.507
66922.0,0.481
34828.0,0.172
78419.0,0.162
65722.0,0.418
266.0,0.484
138.0,0.175
78419.0,0.153
260.0,0.421
172485.0,0.249
50688.0,0.566
1090031.0,0.882
11094.0,0.186
260327.0,0.202
69599.0,0.678
50652.0,0.566
1089261.0,0.675
320102.0,1.441
31423.0,0.664
131480.0,1.441
168808.0,0.187
50139.0,0.59
11102.0,0.171
88975.0,0.184
50139.0,0.599
163300.0,0.59
10740.0,0.359
19711.0,0.805
41157848.0,0.567
24549.0,0.59
127692.0,0.199
7098.0,0.494
86075.0,0.19
135.0,0.182
-1.0,-1.0
283824.0,0.584
446.0,0.479
300.0,0.491
991.0,1.171
325282.0,0.188
3105390.0,0.532
89767.0,0.187
79851.0,0.162
11076438.0,0.86
320185.0,0.494
177755.0,0.483
634026.0,0.783
21877.0,0.224
206327.0,0.566
5792.0,0.212
75444.0,0.314
734781.0,0.916
20627.0,0.458
11313.0,0.519
40288.0,0.794
730398.0,0.574
619072.0,0.477
35464.0,0.293
1266285.0,0.536
36604.0,0.197
79851.0,0.157
9817303.0,1.138
32192.0,0.453
70225.0,0.429
72483.0,0.53
63746.0,1.133
834703.0,0.549
575565.0,0.514
34037.0,0.179
1367317.0,0.634
40803.0,0.188
72413.0,0.211
10515356.0,1.224
35595.0,0.447
63171.0,0.455
75728.0,0.498
66062.0,1.197
227574972.0,0.694
7791797.0,0.674
166556.0,0.212
997271.0,0.53
246890.0,0.205
34377.0,0.2
-1.0,-1.0
223432685.0,0.57
7649972.0,0.493
214374.0,0.528
10262336361.0,1.051
257797181.0,0.617
43601.0,0.527
126222.0,0.22
6193.0,0.451
207642.0,0.191
143.0,0.221
-1.0,-1.0
189852944.0,0.523
32110.0,0.584
999.0,0.665
48297168.0,1.215
1147514.0,0.546
2127605.0,0.644
24652.0,0.198
619072.0,0.557
35442.0,0.206
79801.0,0.186
-1.0,-1.0
21680.0,0.502
48816.0,0.506
70182.0,0.448
-1.0,-1.0
34362.0,0.521
11471813.0,0.562
124166.0,0.209
3438.0,0.469
184.0,0.188
74546.0,0.208
2963891.0,1.143
606.0,0.503
245872.0,0.641
364.0,0.471
1200.0,1.042
31628.0,0.507
11471813.0,0.542
129087.0,0.199
3165.0,0.487
176.0,0.184
77501.0,0.163
2728016.0,1.077
580.0,0.539
255616.0,0.481
349.0,0.464
1149.0,1.187
51187.0,0.633
749102.0,0.667
1386190.0,0.656
47716.0,0.704
87647.0,0.684
1408543.0,0.545
219984.0,1.505
407073.0,1.603
5957359.0,1.469
376705.0,1.319
1749591.0,2.926
27933816.0,0.56
11148633.0,0.568
130593.0,0.2
2090682.0,0.664
40096.0,0.203
79033.0,0.172
2384689163.0,1.217
129853.0,0.508
255949.0,0.564
78584.0,0.505
254499.0,1.337
43121164.0,0.557
11362829.0,0.555
124640.0,0.22
3232415.0,0.538
58052.0,0.212
75548.0,0.18
-1.0,-1.0
189651.0,0.53
246810.0,0.528
114954.0,0.567
375544.0,1.274
9668.0,0.211
83043.0,0.195
2972825.0,0.539
77164.0,0.191
9197.0,0.428
329229.0,0.894
2872785.0,0.597
318150.0,0.96
89.0,0.229
679.0,0.237
25897.0,0.612
71925.0,0.188
79.0,0.429
3026.0,0.933
23403.0,0.623
2734.0,1.005
139773.0,0.191
1548362.0,0.608
151241.0,0.231
41738.0,0.188
713813.0,0.658
137584.0,0.427
148873.0,0.379
490741.0,0.838
7350182.0,0.477
39504.0,0.194
2094831.0,0.48
89930.0,0.194
3131507.0,0.581
79328.0,0.182
88679.0,0.542
82152730.0,1.331
2081117.0,0.492
3111006.0,0.589
81614892.0,1.262
1491417.0,0.526
264321.0,0.208
14429587.0,0.478
2573.0,0.236
92247.0,0.558
77057.0,0.275
17479.0,0.6
16669508.0,1.419
13924686.0,0.556
89019.0,0.598
16086230.0,1.345
342138.0,0.479
1918.0,0.2
4444183.0,0.514
799.0,0.244
613126.0,0.529
1781.0,0.208
1687.0,0.498
-1.0,-1.0
100070.0,0.585
13806.0,0.513
775826.0,1.074
20633.0,0.201
44690.0,0.593
798992.0,0.599
1369496.0,0.609
1170.0,0.225
35508.0,0.182
39122.0,0.202
45310.0,0.588
77091.0,0.591
1513517.0,0.589
5342.0,0.619
95504.0,0.602
163697.0,0.681
206864.0,1.592
354571.0,1.456
6333045.0,1.447
3779.0,0.616
4163.0,0.6
126356.0,0.548
356868.0,1.348
10163.0,1.487
17420.0,1.486
528707.0,1.299
1491703.0,2.779
13446.0,1.306
56263.0,2.79
2713773.0,0.53
36357593.0,0.558
31693.0,0.583
171394.0,0.179
371893.0,0.577
363.0,0.582
4580.0,0.183
635.0,0.425
39764.0,0.186
141.0,0.169
575668728.0,1.229
501807.0,1.328
19467.0,0.568
6722937.0,1.116
36357571.0,0.478
31692.0,0.447
29493.0,1.099
371885.0,0.482
363.0,0.462
139.0,0.486
40745503.0,2.692
1580672.0,1.113
-1.0,-1.0
6722864.0,1.036
29495.0,0.981
-1.0,-1.0
443001.0,0.57
14642695.0,0.593
7897471.0,0.524
132886.0,0.231
25770.0,0.464
1965.0,0.427
383.0,0.178
619072.0,0.729
62505.0,0.169
27760.0,0.159
38210126.0,1.161
20608459.0,1.061
346766.0,0.494
-1.0,-1.0
11461796.0,0.503
6181868.0,0.458
890471.0,1.125
758.0,0.575
337.0,0.514
484591.0,0.43
-1.0,-1.0
29909554.0,1.226
16131582.0,0.989
533203681.0,1.031
5877.0,1.013
1391394881.0,2.471
7623324.0,0.569
4605.0,0.519
2101641.0,0.597
24342.0,0.201
7023.0,0.502
2996992.0,0.592
86548.0,0.208
260.0,0.494
138.0,0.177
76363.0,0.17
1409564.0,1.224
-1.0,-1.0
53451.0,0.595
388614.0,1.26
4501.0,0.473
2054210.0,0.493
237701.0,1.163
6864.0,0.488
2929344.0,0.496
255.0,0.455
-1.0,-1.0
4239.0,1.096
1809127.0,1.195
379837.0,1.075
232322.0,1.007
143475.0,2.138
209236.0,0.495
1158538.0,0.505
2148044.0,0.588
21935.0,0.21
48494.0,0.544
84074.0,0.54
2141.0,0.253
66922.0,0.68
31236.0,0.182
70332.0,0.192
9733651.0,1.2
18047157.0,1.296
1322.0,0.65
-1.0,-1.0
1020418.0,0.47
1891956.0,0.516
1677595.0,1.14
42721.0,0.471
74065.0,0.534
58944.0,0.433
-1.0,-1.0
26379.0,1.148
45733.0,1.19
88013956.0,1.022
1477881.0,1.054
912549.0,2.171
24601312.0,0.552
76975473.0,0.631
14139302.0,0.564
167390.0,0.204
7314275.0,0.521
1407758.0,0.55
41553.0,0.194
4342300.0,0.555
84167.0,0.183
76353.0,0.166
-1.0,-1.0
2053373082.0,1.236
174562.0,0.595
-1.0,-1.0
353578.0,0.548
320754.0,0.557
244853064.0,1.179
87772.0,0.484
79624.0,0.502
161281.0,0.498
-1.0,-1.0
368727.0,1.146
334497.0,1.156
677528.0,1.21
168189.0,1.126
706557.0,2.578
703803.0,0.609
257797181.0,0.542
14537370.0,0.593
161002.0,0.199
684597.0,0.566
40450.0,0.565
1117.0,0.217
14606579.0,0.637
264858.0,0.195
73762.0,0.196
1058603695.0,1.145
59695429.0,1.36
4748.0,0.529
-1.0,-1.0
1125732.0,0.532
313512.0,0.555
23288763.0,1.367
7810.0,0.57
2175.0,0.531
515746.0,0.51
-1.0,-1.0
33198.0,1.22
9246.0,1.179
2192086.0,1.143
15208.0,1.147
64645.0,2.598
51462.0,0.623
81064.0,0.194
5194.0,0.182
42359.0,0.271
1465351.0,0.697
79851.0,0.244
9785.0,0.568
79794.0,0.598
2760359.0,0.895
5113.0,0.447
176876.0,0.885
1465351.0,0.532
9632.0,0.885
333190.0,1.436
2760359.0,0.921
176876.0,0.857
333190.0,1.381
45444.0,0.624
3028.0,0.193
169.0,0.183
1496.0,0.161
54415.0,0.516
75948.0,0.194
321.0,0.555
2835.0,0.452
103123.0,0.868
159.0,0.453
5765.0,0.975
51755.0,0.561
300.0,0.928
10926.0,1.376
98082.0,0.816
5483.0,1.091
10392.0,1.371
596.0,0.193
88912.0,0.187
52124573.0,0.586
3051152.0,0.574
276899.0,0.177
76396.0,0.174
14470415.0,0.509
576.0,0.381
337765.0,0.746
19771.0,0.869
51190015.0,0.485
2996447.0,0.538
-1.0,-1.0
534163.0,0.548
331709.0,0.798
19417.0,0.784
11383124.0,1.459
20951262.0,1.148
135764.0,1.453
596.0,0.163
90535.0,0.142
1806520.0,0.492
3131950.0,0.548
35464.0,0.174
79851.0,0.156
619072.0,0.464
587.0,0.37
11706.0,0.684
20295.0,0.795
1806520.0,0.449
3131950.0,0.524
-1.0,-1.0
70225.0,0.446
11706.0,0.823
20295.0,0.848
404963.0,1.403
2754385.0,1.017
17848.0,1.408
596.0,0.155
89547.0,0.166
8976.0,0.524
3126889.0,0.521
174.0,0.192
78852.0,0.186
3071.0,0.473
580.0,0.389
58.0,0.676
20263.0,0.83
8878.0,0.49
3092771.0,0.581
310004.0,1.159
345.0,0.471
57.0,0.775
20041.0,0.813
2009.0,1.368
13514.0,1.051
88.0,1.384
11044.0,0.225
11460908.0,0.519
1782044.0,0.683
3100408.0,0.536
81891.0,0.206
248247.0,0.483
3267348.0,0.595
56671.0,0.202
610947.0,0.477
31979.0,0.194
72258.0,0.177
1383394.0,0.83
215102.0,0.727
374236.0,0.805
9885.0,0.376
-1.0,-1.0
-1.0,-1.0
126563.0,0.503
-1.0,-1.0
71419.0,0.471
161376.0,0.535
-1.0,-1.0
49424.0,0.476
111677.0,0.558
63018.0,0.475
27374049.0,1.699
47625429.0,1.559
15277.0,0.696
7405224.0,1.553
8621.0,0.655
19480.0,0.688
-1.0,-1.0
-1.0,-1.0
-1.0,-1.0
140739.0,1.165
-1.0,-1.0
-1.0,-1.0
13323.0,1.5
30105.0,1.483
16989.0,1.397
-1.0,-1.0
-1.0,-1.0
690.0,0.199
1066102.0,0.529
121138.0,0.596
212040.0,0.545
5691.0,0.208
338872.0,0.58
4487285.0,0.535
79089.0,0.24
613162.0,0.577
32614.0,0.195
74142.0,0.191
118067.0,0.799
13415.0,0.835
23482.0,0.868
630.0,0.54
21069673.0,1.065
36880402.0,1.168
12021.0,0.49
4190619.0,1.047
4957.0,0.541
11269.0,0.483
-1.0,-1.0
68891.0,0.472
156611.0,0.493
64582.0,0.493
2333370.0,1.386
4084297.0,1.545
1331.0,0.693
464088.0,1.47
549.0,0.662
1248.0,0.659
-1.0,-1.0
10471.0,1.03
23804.0,1.124
9816.0,1.061
136417.0,1.184
-1.0,-1.0
1159.0,1.425
2636.0,1.525
1087.0,1.479
20735.0,2.243
2295.0,3.076
174305.0,0.213
51772.0,0.565
1386190.0,0.569
11102.0,0.182
328064.0,0.161
3131950.0,0.52
87906.0,0.189
214845.0,0.546
77532.0,0.19
51772.0,0.571
1386190.0,0.686
5935402.0,0.855
166592.0,0.418
907800.0,1.265
39599.0,0.624
378043.0,0.78
10611.0,0.36
11171175.0,0.776
313547.0,0.378
174070.0,0.522
167321.0,1.357
716435.0,1.388
20109.0,0.954
21507603.0,1.451
594208.0,0.776
329883.0,0.727
1348421.0,1.321
37848.0,0.742
21012.0,0.668
620881.0,0.782
2555412.0,2.638
71726.0,1.718
39820.0,1.306
1176642.0,1.303
74946.0,1.193
142031.0,2.52
24048.0,0.218
45242.0,0.566
1086415.0,0.599
1372.0,0.204
36359.0,0.184
437463.0,0.521
11797.0,0.192
150817.0,0.585
74489.0,0.187
6319.0,0.596
151748.0,0.648
818889.0,0.877
22083.0,0.443
629451.0,1.32
3883.0,0.641
46716.0,0.871
1260.0,0.392
1238088.0,0.807
33387.0,0.401
23360.0,0.499
16205.0,1.411
87448.0,1.405
2358.0,0.869
2354465.0,1.426
62498.0,0.839
43728.0,0.83
132215.0,1.358
3566.0,0.78
2495.0,0.678
66112.0,0.673
247492.0,2.846
6673.0,1.672
4669.0,1.253
123758.0,1.523
7061.0,1.223
13214.0,2.46
470.0,0.216
2373.0,0.547
63534.0,0.555
653.0,0.204
19289.0,0.183
184152.0,0.563
5323.0,0.199
214845.0,0.596
79851.0,0.191
140.0,0.602
3736.0,0.579
15995.0,0.893
462.0,0.511
41608.0,1.284
2328.0,0.583
22228.0,0.821
643.0,0.371
656842.0,0.908
18986.0,0.392
10541.0,0.531
451.0,1.307
1930.0,1.372
56.0,0.798
57961.0,1.408
1648.0,0.787
915.0,0.762
79284.0,1.302
2293.0,0.74
1273.0,0.674
37596.0,0.69
6885.0,2.596
200.0,1.578
111.0,1.263
3263.0,1.154
4541.0,1.252
396.0,2.366
62116.0,0.184
35579.0,0.567
5122.0,0.614
4515.0,0.212
717.0,0.226
1438280.0,0.504
37082.0,0.218
906.0,0.583
71219.0,0.174
16339.0,0.586
2352.0,0.624
2115152.0,1.071
54533.0,0.492
2971.0,1.327
77.0,0.573
153749.0,0.848
3964.0,0.397
24426.0,0.819
630.0,0.417
73429.0,0.587
251.0,1.327
226104.0,1.496
5829.0,0.834
36493.0,1.501
926.0,0.816
107985.0,0.729
2611.0,1.405
67.0,0.776
7849.0,0.718
1248.0,0.766
3840.0,2.524
99.0,1.59
11543.0,1.282
1834.0,1.277
133.0,1.207
196.0,2.418
1922.0,0.201
50047.0,0.547
778832.0,0.678
7862599.0,0.504
170912.0,0.192
120.0,0.19
3180.0,0.188
48776.0,0.565
35068.0,0.229
553.0,0.607
8612.0,0.679
86938.0,0.816
1890.0,0.398
224244.0,1.461
2263825.0,1.482
49210.0,0.869
35230001.0,1.362
765807.0,0.844
148636.0,0.477
376.0,0.621
1019.0,1.43
10289.0,1.311
224.0,0.872
271808.0,1.264
5909.0,0.804
1644.0,0.657
10143537.0,2.99
220512.0,1.729
42796.0,1.325
665996.0,1.262
32169.0,2.618
700.0,1.674
195.0,1.201
5139.0,1.217
191758.0,2.505
609.0,2.441
7047.0,0.208
39243.0,0.554
144802.0,0.591
6112754.0,0.518
126108.0,0.21
585.0,0.173
3667.0,0.178
12031.0,0.562
34035.0,0.182
2069.0,0.918
7636.0,0.597
322333.0,0.802
6650.0,0.407
42523.0,1.436
1795091.0,1.67
37033.0,0.835
6623698.0,1.424
136649.0,0.857
110905.0,0.585
443.0,0.63
922.0,1.429
38907.0,1.468
803.0,0.914
243709.0,1.306
5028.0,0.806
5848.0,0.67
1945136.0,2.741
40132.0,1.743
32569.0,1.223
120176.0,1.298
29416.0,2.688
607.0,1.757
706.0,1.364
4422.0,1.248
35290.0,2.592
534.0,2.457
168858.0,0.205
50637.0,0.63
235494.0,0.602
31015.0,0.519
163911.0,0.196
10872.0,0.198
85830.0,0.197
15163.0,0.673
135.0,0.196
49587.0,0.591
230611.0,0.681
30372.0,0.824
160513.0,0.394
69156.0,1.619
9108.0,1.347
48135.0,0.808
42358.0,1.413
223855.0,0.842
567.0,0.515
10360.0,0.602
27836.0,1.47
3666.0,1.617
19375.0,0.884
28942.0,1.33
152958.0,0.796
555.0,0.689
12440.0,2.66
65744.0,1.731
166.0,1.237
774.0,1.251
3494.0,2.639
18463.0,1.724
67.0,1.437
529.0,1.211
227.0,2.479
64.0,2.5
1970.0,0.208
35316.0,0.56
90584.0,0.601
6103652.0,0.52
125286.0,0.211
148.0,0.19
643.0,0.185
6793.0,0.554
33864.0,0.289
521.0,0.688
1337.0,0.606
90118.0,0.779
1850.0,0.418
23975.0,1.446
1615468.0,1.432
33160.0,0.911
4143620.0,1.365
85054.0,0.877
110182.0,0.527
70.0,0.635
145.0,1.423
9804.0,1.363
201.0,1.088
42688.0,1.413
876.0,0.85
1627.0,0.69
1096702.0,2.637
22513.0,1.748
29162.0,1.252
74801.0,1.393
4644.0,2.964
95.0,1.716
177.0,1.237
770.0,1.151
19798.0,2.59
84.0,2.428
174305.0,0.147
51772.0,0.563
823461.0,0.565
1370290.0,0.602
14783229.0,0.587
11102.0,0.182
303187.0,0.159
324301.0,0.202
52550.0,0.572
212381.0,0.588
1530601.0,0.599
51772.0,0.579
823461.0,0.559
1370290.0,0.593
14783229.0,0.757
244585.0,1.42
897387.0,1.398
4390923.0,1.387
6467349.0,1.336
69839721.0,1.34
116217586.0,1.507
36596.0,0.578
39145.0,0.583
1069016.0,0.544
1005274.0,1.372
99396.0,1.471
165401.0,1.334
1784415.0,1.388
4516984.0,1.273
48731005.0,1.291
52124642.0,1.425
4235392.0,2.867
20743834.0,2.841
34519014.0,2.65
549041329.0,2.758
129036.0,1.374
545223.0,2.695
5882094.0,2.637
6291724.0,2.591
171822145.0,2.657
-1.0,-1.0
-1.0,-1.0
61694.0,0.208
36861.0,0.584
639007.0,0.639
1072312.0,0.648
11471813.0,0.627
4646.0,0.249
138286.0,0.167
149163.0,0.206
48214.0,0.614
196501.0,0.583
1543505.0,0.594
16813.0,0.592
291456.0,0.563
489090.0,0.638
5232387.0,0.775
174138.0,1.469
644304.0,1.406
3126230.0,1.366
5060984.0,1.345
54195753.0,1.365
90945360.0,1.393
15315.0,0.661
16519.0,0.601
491697.0,0.548
930109.0,1.353
32278.0,1.44
54165.0,1.316
579468.0,1.363
1612222.0,1.284
17247888.0,1.317
18604568.0,1.399
3040917.0,2.981
14769104.0,2.752
24783889.0,2.836
429648933.0,2.737
54453.0,1.26
178548.0,2.621
1910140.0,2.636
2060387.0,2.651
61327555.0,2.723
117085371.0,5.603
6791800.0,5.375
5109.0,0.226
51256.0,0.554
815255.0,0.578
1079356.0,0.604
14477364.0,0.609
329.0,0.205
8976.0,0.175
7639.0,0.211
52550.0,0.618
168973.0,0.587
1217766.0,0.598
1517.0,0.665
24136.0,0.578
31955.0,0.679
428611.0,0.868
242147.0,1.583
706858.0,1.578
4300074.0,1.433
5094229.0,1.354
68394736.0,1.386
90551103.0,1.407
1083.0,0.61
922.0,0.587
25181.0,0.557
799809.0,1.351
2913.0,1.474
3857.0,1.39
51735.0,1.422
105336.0,1.312
1412860.0,1.356
1202370.0,1.443
3336153.0,2.71
20314640.0,2.746
26895536.0,2.728
427786363.0,2.762
3039.0,1.273
12714.0,2.686
170539.0,2.672
145132.0,2.581
3963460.0,2.643
-1.0,-1.0
478408.0,5.493
174305.0,0.184
51772.0,0.652
248768.0,0.58
145272.0,0.597
14783229.0,0.583
11102.0,0.266
91593.0,0.169
34381.0,0.19
15875.0,0.729
22516.0,0.564
49021.0,0.599
51772.0,0.61
248768.0,0.629
145272.0,0.673
14783229.0,0.818
73889.0,1.481
95137.0,1.307
4390923.0,1.341
207132.0,1.355
21098628.0,1.493
12320890.0,1.386
11056.0,0.637
4150.0,0.574
34238.0,0.587
32197.0,1.352
30028.0,1.444
17535.0,1.366
1784415.0,1.338
144667.0,1.299
14721670.0,1.376
5526031.0,1.434
135648.0,2.741
6266726.0,2.747
3659557.0,2.689
17584377.0,2.813
4133.0,1.266
17462.0,2.706
1776984.0,2.619
667022.0,2.549
5503020.0,2.679
5222921.0,5.803
664244.0,5.498
135155.0,0.196
40175.0,0.576
1853.0,0.574
1075686.0,0.629
11155175.0,0.596
11093.0,0.192
878.0,0.175
327807.0,0.177
152.0,0.576
214845.0,0.532
4489.0,0.687
40144.0,0.581
1852.0,0.594
1074844.0,0.693
11146442.0,0.8
550.0,1.438
704455.0,1.239
3313316.0,1.522
14719.0,1.333
152787.0,1.535
88713396.0,1.377
106.0,0.594
39568.0,0.538
3133.0,0.55
2948.0,1.245
224.0,1.467
129739.0,1.295
1345436.0,1.443
10272.0,1.311
106525.0,1.335
39757615.0,1.454
9639.0,2.614
45381.0,2.474
26349700.0,2.632
1215065.0,2.776
378.0,1.233
1240.0,2.475
12858.0,2.534
4798958.0,2.568
379957.0,2.678
360903.0,5.572
45861.0,5.42
78741.0,0.198
51279.0,0.598
763595.0,0.583
3340.0,0.595
14642356.0,0.635
5063.0,0.201
129460.0,0.19
364.0,0.197
49198.0,0.625
523.0,0.56
3526.0,0.555
23388.0,0.592
348265.0,0.638
1523.0,0.618
6678179.0,0.815
226803.0,1.525
2187.0,1.283
4349081.0,1.331
14758.0,1.343
64762330.0,1.36
283248.0,1.465
15627.0,0.644
44.0,0.577
1123.0,0.534
2318.0,1.28
42037.0,1.567
184.0,1.463
806093.0,1.366
4700.0,1.393
20609737.0,1.433
57941.0,1.458
9664.0,2.697
19235744.0,2.631
84131.0,2.711
1252794.0,2.681
136.0,1.311
568.0,2.642
2487708.0,2.582
6994.0,2.5
178814.0,2.536
372105.0,5.562
21583.0,5.283
17031.0,0.206
823461.0,0.739
1386190.0,0.585
29624.0,0.224
32055.0,0.212
306023.0,0.549
8846.0,0.202
1548362.0,0.585
79851.0,0.174
80461.0,0.617
135445.0,0.716
579950.0,0.876
16764.0,0.452
6542392.0,1.375
105665.0,0.658
1008766.0,0.835
29160.0,0.396
1091537.0,1.01
31552.0,0.41
17517.0,0.571
446477.0,1.518
1911729.0,1.345
55260.0,0.831
2101513.0,1.423
59795.0,0.808
33196.0,1.247
3598112.0,1.446
104009.0,0.79
57742.0,0.697
62479.0,0.743
6818838.0,2.648
197104.0,1.799
109425.0,1.24
118405.0,1.314
205957.0,1.268
390303.0,2.505
26434.0,0.233
636003.0,0.608
1070628.0,0.587
59532.0,0.223
64417.0,0.222
614976.0,0.558
17045.0,0.241
1548362.0,0.572
76564.0,0.205
124883.0,0.6
210224.0,0.724
900138.0,0.906
24949.0,0.464
5053036.0,1.318
212342.0,0.568
2027189.0,0.876
56187.0,0.397
2193523.0,0.841
60797.0,0.442
33752.0,0.514
692976.0,1.427
2967190.0,1.458
82241.0,0.803
3261754.0,1.458
88989.0,0.95
49404.0,0.771
7230667.0,1.425
200410.0,0.798
111261.0,0.74
120389.0,0.725
10583503.0,2.939
293341.0,1.917
162852.0,1.285
176215.0,1.334
396849.0,1.236
580870.0,2.573
37057.0,0.254
248768.0,0.64
1102482.0,0.647
19473.0,0.214
55471.0,0.194
665849.0,0.578
17641.0,0.206
372026.0,0.722
73184.0,0.196
52888.0,0.584
234387.0,0.615
1261860.0,0.917
33432.0,0.439
1571944.0,1.306
55240.0,0.627
663076.0,0.823
17568.0,0.425
1888899.0,0.82
50044.0,0.414
34932.0,0.496
233411.0,1.387
1256606.0,1.448
33293.0,0.8
3636653.0,1.47
94841.0,0.804
66202.0,0.738
1881033.0,1.391
49837.0,0.807
34788.0,0.713
99096.0,0.704
3564773.0,2.665
94446.0,1.862
65926.0,1.249
187803.0,1.232
98687.0,1.289
187021.0,2.598
5433.0,0.204
823461.0,0.597
145272.0,0.587
9451.0,0.201
1072.0,0.217
96423.0,0.557
2765.0,0.214
162268.0,0.595
77263.0,0.202
25668.0,0.659
4528.0,0.599
182734.0,0.887
5240.0,0.49
685639.0,1.325
3534.0,0.56
317847.0,0.96
9114.0,0.402
36043.0,0.873
1034.0,0.404
5408.0,0.498
14926.0,1.288
602358.0,1.353
17273.0,0.792
69394.0,1.527
1959.0,0.845
10248.0,0.932
118813.0,1.358
3407.0,0.794
17825.0,0.736
2022.0,0.71
225164.0,2.649
6457.0,1.813
33782.0,1.224
3831.0,1.258
6663.0,1.223
12628.0,2.51
11708.0,0.206
823461.0,0.589
5510.0,0.593
20365.0,0.192
88.0,0.184
210372.0,0.603
6081.0,0.206
6154.0,0.55
79851.0,0.174
55312.0,0.603
370.0,0.679
398679.0,0.866
11524.0,0.432
26006.0,1.419
290.0,0.552
693463.0,0.968
20045.0,0.366
2983.0,0.801
86.0,0.346
12042.0,0.53
1220.0,1.278
1314192.0,1.331
37987.0,0.766
5742.0,1.443
163.0,0.77
22820.0,0.717
9832.0,1.355
284.0,0.776
39693.0,0.635
170.0,0.72
18632.0,2.508
539.0,1.73
75221.0,1.217
323.0,1.213
562.0,1.16
1067.0,2.421
8746.0,0.189
639007.0,0.554
1066725.0,0.589
19604.0,0.194
21035.0,0.209
202020.0,0.541
5673.0,0.235
1535463.0,0.667
77202.0,0.248
41317.0,0.595
68972.0,0.701
297092.0,0.983
8343.0,0.429
5034615.0,1.376
69339.0,0.543
665932.0,0.814
18700.0,0.436
714570.0,0.811
20066.0,0.376
11207.0,0.47
227357.0,1.382
979327.0,1.348
27502.0,0.772
1067580.0,1.465
29510.0,0.785
16481.0,0.763
2355488.0,1.477
66144.0,0.772
36940.0,0.707
39639.0,0.671
3464006.0,2.638
97278.0,1.792
54328.0,1.221
58295.0,1.241
130662.0,1.245
192165.0,2.485
23892677.0,0.601
167255.0,0.2
40162.0,0.195
23542451.0,0.496
2742065.0,0.585
133002.0,0.207
5970.0,0.192
2742062.0,0.51
254136655.0,0.579
165152.0,0.209
275598.0,0.171
248408308.0,0.635
257797181.0,0.554
169430.0,0.206
278723.0,0.174
254842930.0,0.507
7790787.0,0.508
166953.0,0.19
34547.0,0.17
145142.0,0.451
7954505.0,0.511
154580.0,0.183
31909.0,0.167
135625.0,0.441
1075686.0,0.654
131399.0,0.196
135261.0,0.163
328064.0,0.183
1044973.0,0.904
1075686.0,0.617
131399.0,0.384
1044974.0,0.725
14611315.0,0.592
168048.0,0.204
79213.0,0.187
14494618.0,0.522
11327689.0,0.611
131729.0,0.196
79610.0,0.213
11327709.0,0.496
51849714.0,0.478
275906.0,0.194
88126.0,0.191
616180.0,0.535
6282820.0,0.466
238310.0,0.203
11170.0,0.176
70969.0,0.547
50874661.0,0.461
276835.0,0.2
89143.0,0.182
614903.0,0.569
293011.0,0.191
83218.0,0.196
274317.0,0.471
916361.0,0.445
35464.0,0.174
45924.0,0.163
40388.0,0.464
1806520.0,0.431
34107.0,0.167
87071.0,0.148
76575.0,0.461
823461.0,0.64
1384014.0,0.712
174305.0,0.179
1545931.0,0.544
303187.0,0.203
327549.0,0.245
6538433.0,1.485
823461.0,0.597
1384014.0,0.52
1079723.0,0.657
6538431.0,1.298
625136.0,0.666
845022.0,0.665
133600.0,0.192
1219708.0,0.565
300293.0,0.191
260920.0,0.194
3953992.0,1.512
625136.0,0.559
845022.0,0.544
851879.0,0.717
3953995.0,1.291
1537154.0,0.578
7896511.0,0.495
168166.0,0.192
52324.0,0.514
2598.0,0.355
35134.0,0.197
71508513.0,1.258
10936.0,0.548
147893.0,0.515
2285.0,0.495
9618.0,1.077
25038608.0,0.596
7897148.0,0.496
165788.0,0.192
836043.0,0.475
40919.0,0.2
33976.0,0.198
1153677874.0,1.116
173919.0,0.496
144410.0,0.476
35643.0,0.502
151492.0,1.032
19455776.0,0.534
6187271.0,0.586
129750.0,0.185
845220.0,0.483
41323.0,0.264
34597.0,0.182
905084335.0,1.168
136294.0,0.493
114108.0,0.453
36341.0,0.553
119863.0,1.039
79043.0,0.206
1386190.0,0.581
148769.0,0.207
40160.0,0.188
628605.0,0.565
76108.0,0.515
143244.0,0.393
271465.0,0.789
127330.0,0.211
1069281.0,0.602
309704.0,0.275
85603.0,0.191
1011025.0,0.626
125336.0,0.432
304853.0,0.391
446352.0,0.796
152593.0,0.198
1452556.0,0.534
42111.0,0.226
79620.0,0.179
5181040.0,0.85
150203.0,0.432
83146.0,0.528
296569.0,0.8
843040.0,0.498
619072.0,0.484
35090.0,0.185
1461572.0,0.509
41804.0,0.276
79009.0,0.188
11331332.0,1.141
36765.0,0.513
69485.0,0.452
82780.0,0.487
72802.0,1.119
253012594.0,0.587
7973268.0,0.515
166698.0,0.192
1111511.0,0.452
269138.0,0.2
34492.0,0.169
-1.0,-1.0
246080184.0,0.567
7754805.0,0.459
236693.0,0.511
11447670148.0,1.028
197595945.0,0.575
6111336.0,0.525
130852.0,0.212
1132530.0,0.419
280842.0,0.194
35324.0,0.182
-1.0,-1.0
196817017.0,0.509
6087246.0,0.479
246986.0,0.497
9155943617.0,1.028
76379880.0,0.572
7819617.0,0.598
153443.0,0.216
342138.0,0.443
77756.0,0.211
32373.0,0.204
-1.0,-1.0
69723803.0,0.526
7138181.0,0.5
68382.0,0.573
3243556979.0,1.05
118789.0,0.526
2059788.0,0.56
24589.0,0.193
62435.0,0.493
3683.0,0.184
77550.0,0.17
9950642.0,1.183
2246.0,0.478
47288.0,0.509
7083.0,0.477
-1.0,-1.0
1147514.0,0.501
2127605.0,0.553
24652.0,0.194
619072.0,0.464
35442.0,0.172
79801.0,0.171
-1.0,-1.0
21680.0,0.456
48816.0,0.505
70182.0,0.485
-1.0,-1.0
35034.0,0.564
639007.0,0.689
1063711.0,0.685
135261.0,0.194
46263.0,0.66
76444.0,0.683
9792.0,0.215
1531125.0,0.595
303187.0,0.244
324412.0,0.207
165510.0,1.5
275514.0,1.578
14400.0,0.804
5025240.0,1.508
639007.0,0.538
1063711.0,0.548
361168.0,1.349
46263.0,0.53
76444.0,0.559
1069382.0,0.666
1301697.0,2.944
68034.0,1.255
112418.0,1.264
5025240.0,1.296
361165.0,1.201
531127.0,2.814
37224.0,0.537
639007.0,0.647
1075686.0,0.667
135261.0,0.193
49155.0,0.659
82136.0,0.695
10404.0,0.19
1548362.0,0.519
303187.0,0.187
328064.0,0.186
175855.0,1.439
296029.0,1.55
15300.0,0.722
5081813.0,1.444
639007.0,0.527
1075686.0,0.569
388061.0,1.314
49155.0,0.532
82136.0,0.53
1081421.0,0.65
1398623.0,2.968
72287.0,1.3
120788.0,1.261
5081810.0,1.3
388063.0,1.164
570682.0,2.626
46369.0,0.53
741043.0,0.65
1372956.0,0.662
174305.0,0.181
42760.0,0.654
78639.0,0.673
10057.0,0.204
1380088.0,0.552
272842.0,0.195
324932.0,0.243
197133.0,1.441
365236.0,1.44
19059.0,0.685
5837010.0,1.486
741043.0,0.536
1372956.0,0.593
334353.0,1.334
42760.0,0.543
78639.0,0.546
963894.0,0.659
1552889.0,2.994
81034.0,1.279
149028.0,1.458
5837006.0,1.29
334353.0,1.252
633629.0,2.653
44248.0,0.526
823461.0,0.626
1370290.0,0.664
174305.0,0.201
45342.0,0.665
74896.0,0.664
9597.0,0.188
1530601.0,0.54
303187.0,0.228
324301.0,0.209
209039.0,1.428
347853.0,1.441
18187.0,0.74
6473597.0,1.484
823461.0,0.546
1370290.0,0.578
353855.0,1.38
45342.0,0.523
74896.0,0.542
1069016.0,0.658
1643471.0,2.97
85927.0,1.23
141933.0,1.332
6473596.0,1.286
353854.0,1.199
670584.0,2.748
256639124.0,0.521
14716821.0,0.605
165141.0,0.196
14853609.0,0.599
272892.0,0.223
77285.0,0.226
-1.0,-1.0
1154672.0,0.537
327010.0,0.5
540377.0,0.485
2286465.0,1.166
74014432.0,0.531
14607536.0,0.553
156998.0,0.245
4213838.0,0.591
74151.0,0.216
72275.0,0.183
-1.0,-1.0
315164.0,0.523
307190.0,0.581
145088.0,0.602
616666.0,1.256
252738999.0,0.542
14131436.0,0.557
166139.0,0.205
14482878.0,0.567
278779.0,0.194
76981.0,0.183
-1.0,-1.0
1161650.0,0.568
320775.0,0.514
538256.0,0.541
2242870.0,1.198
11529097.0,0.538
677566.0,0.546
7809.0,0.199
14493276.0,0.526
273477.0,0.205
79376.0,0.189
-1.0,-1.0
53276.0,0.517
15463.0,0.484
541535.0,0.469
105496.0,1.15
140472.0,0.207
1219476.0,0.591
122077.0,0.209
41243.0,0.184
570559.0,0.577
134629.0,0.467
116999.0,0.367
381919.0,0.849
61667.0,0.203
1434341.0,0.603
69187.0,0.222
18160.0,0.237
308651.0,0.627
56582.0,0.441
63482.0,0.392
197794.0,0.858
5293052.0,0.522
64055.0,0.195
3398177.0,0.484
39700.0,0.234
1383030.0,0.548
78888.0,0.21
63669.0,0.566
59008373.0,1.247
3365817.0,0.493
1369860.0,0.585
58446458.0,1.323
51081829.0,0.469
275428.0,0.195
14713395.0,0.486
88330.0,0.192
3098545.0,0.534
78746.0,0.186
611777.0,0.535
-1.0,-1.0
14509797.0,0.494
3055668.0,0.579
-1.0,-1.0
955030.0,0.513
76521.0,0.194
4147383.0,0.488
5686.0,0.216
202368.0,0.625
76425.0,0.224
11187.0,0.654
10592253.0,1.294
4000206.0,0.559
195187.0,0.624
10216369.0,1.297
26589555.0,0.479
277969.0,0.192
14643680.0,0.472
46845.0,0.178
1620560.0,0.531
79851.0,0.17
322916.0,0.534
-1.0,-1.0
14643680.0,0.513
1620560.0,0.566
-1.0,-1.0
3489290.0,0.48
281527.0,0.175
14853609.0,0.453
6051.0,0.196
209657.0,0.546
79730.0,0.188
42311.0,0.564
38999677.0,1.269
14831140.0,0.481
209340.0,0.586
38940682.0,1.236
1128978.0,0.49
277360.0,0.191
14827939.0,0.518
34776.0,0.235
616064.0,0.5
78414.0,0.204
243158.0,0.496
-1.0,-1.0
14586353.0,0.556
606027.0,0.522
112731010.0,1.119
162489.0,0.484
34067.0,0.2
2110835.0,0.528
29772.0,0.2
611258.0,0.487
66397.0,0.2
29913.0,0.439
16339284.0,1.042
1774829.0,0.557
513957.0,0.524
13738370.0,1.069
1132530.0,0.47
281954.0,0.198
14853609.0,0.508
35464.0,0.175
619072.0,0.467
79851.0,0.175
247964.0,0.412
-1.0,-1.0
14853609.0,0.533
619072.0,0.49
-1.0,-1.0
19268.0,0.215
33184.0,0.589
639007.0,0.571
855528.0,0.603
1321.0,0.217
43189.0,0.171
37168.0,0.227
43821.0,0.59
58237.0,0.591
1231462.0,0.575
4727.0,0.617
91027.0,0.568
121870.0,0.643
156772.0,1.495
209892.0,1.474
4041731.0,1.321
4355.0,0.637
3748.0,0.576
122520.0,0.526
275147.0,1.392
9179.0,1.476
12290.0,1.524
401729.0,1.276
991583.0,2.713
12355.0,1.309
40512.0,2.641
20633.0,0.208
44690.0,0.587
798992.0,0.585
1369496.0,0.596
1170.0,0.217
35508.0,0.186
39122.0,0.199
45310.0,0.578
77091.0,0.589
1513517.0,0.602
5342.0,0.612
95504.0,0.578
163697.0,0.62
206864.0,1.537
354571.0,1.463
6339163.0,1.389
3779.0,0.627
4163.0,0.596
126356.0,0.54
356868.0,1.339
10163.0,1.476
17420.0,1.491
528707.0,1.367
1641249.0,2.749
13446.0,1.321
56263.0,2.727
36959.0,0.205
50962.0,0.573
819847.0,0.586
1097643.0,0.589
2364.0,0.201
64569.0,0.196
55568.0,0.214
52453.0,0.572
69708.0,0.587
1231462.0,0.587
10853.0,0.596
174602.0,0.589
233763.0,0.609
240759.0,1.472
322337.0,1.492
5185544.0,1.37
7794.0,0.583
6707.0,0.611
183173.0,0.549
329343.0,1.318
21075.0,1.467
28216.0,1.534
770570.0,1.397
1522802.0,2.717
22109.0,1.323
93010.0,2.701
171513.0,0.209
46925.0,0.591
804844.0,0.688
163888.0,0.206
10146.0,0.176
298783.0,0.184
47702.0,0.656
46740.0,0.548
801668.0,0.67
163241.0,0.443
219331.0,1.456
44662.0,0.922
766026.0,0.783
33089.0,0.67
88782.0,1.492
18078.0,0.921
763001.0,0.818
209156.0,1.725
84661.0,1.681
1113740.0,0.492
11661407.0,0.63
2020.0,0.523
7335.0,0.19
23303393.0,0.556
4522.0,0.524
38293.0,0.188
6177.0,0.43
259826.0,0.245
183.0,0.175
1653317931.0,1.269
286046.0,1.086
7460.0,0.595
-1.0,-1.0
10888614.0,0.505
1886.0,0.481
2569504.0,1.039
21758823.0,0.508
4223.0,0.475
1263.0,0.49
-1.0,-1.0
4238916.0,1.137
267073.0,1.052
2799318.0,1.078
2399390.0,1.011
396462098.0,2.205
11631953.0,0.5
75039032.0,0.587
37623.0,0.525
160390.0,0.182
3289950.0,0.557
1849.0,0.516
18371.0,0.192
1555.0,0.474
76801.0,0.193
157.0,0.177
-1.0,-1.0
2550670.0,1.192
78083.0,0.573
-1.0,-1.0
70221261.0,0.508
35207.0,0.514
309793.0,1.038
3078702.0,0.497
1730.0,0.465
319.0,0.513
-1.0,-1.0
13085531.0,1.237
2386881.0,1.038
15414217.0,1.008
289872.0,1.031
1045013859.0,2.191
257797181.0,0.553
14380005.0,0.596
43844.0,0.515
156118.0,0.197
14448465.0,0.48
6228.0,0.454
256824.0,0.193
358.0,0.446
70750.0,0.211
178.0,0.293
-1.0,-1.0
-1.0,-1.0
234820095.0,0.507
3678552.0,1.149
13098336.0,0.517
39937.0,0.498
11431.0,1.026
494688.0,0.609
1242.0,0.565
342.0,0.56
-1.0,-1.0
19701459923.0,1.189
60069454.0,1.029
3350692.0,1.105
2392.0,1.164
5039840954.0,2.237
5584499.0,0.604
194001128.0,0.7
11471813.0,0.549
66549.0,0.206
6788418.0,0.513
420608.0,0.591
6084.0,0.206
14404405.0,0.502
136812.0,0.203
39954.0,0.171
-1.0,-1.0
481678930.0,1.284
20065.0,0.52
-1.0,-1.0
451241.0,0.51
131779.0,0.539
234836859.0,1.277
41253.0,0.499
12047.0,0.477
270913.0,0.496
-1.0,-1.0
136052.0,1.143
39732.0,1.126
893541.0,1.263
81689.0,1.181
269408.0,2.473
90875.0,0.587
200051086.0,0.518
11471813.0,0.551
133002.0,0.207
113911.0,0.549
6844.0,0.525
198.0,0.181
14853609.0,0.486
281954.0,0.272
79851.0,0.149
136686391.0,1.235
7838202.0,1.294
653.0,0.518
-1.0,-1.0
929955.0,0.482
263369.0,0.487
3940400.0,1.174
1384.0,0.482
392.0,0.465
558321.0,0.438
-1.0,-1.0
4566.0,1.23
1293.0,1.13
-1.0,-1.0
2741.0,1.179
-1.0,-1.0
1621685.0,0.631
250109337.0,0.537
14342374.0,0.565
162279.0,0.207
1625918.0,0.534
97695.0,0.593
2756.0,0.246
14853609.0,0.509
275165.0,0.191
77928.0,0.178
-1.0,-1.0
139874939.0,1.302
11365.0,0.54
-1.0,-1.0
1134660.0,0.502
321343.0,0.508
56246889.0,1.215
19270.0,0.571
5457.0,0.507
544878.0,0.484
-1.0,-1.0
79464.0,1.147
22505.0,1.16
2246838.0,1.152
38158.0,1.153
157353.0,2.524
41166.0,0.702
10684.0,0.222
541.0,0.213
5551.0,0.185
192018.0,0.76
79851.0,0.17
1026.0,0.657
10517.0,0.497
363802.0,0.907
533.0,0.468
18435.0,0.908
192018.0,0.562
1010.0,1.073
34926.0,1.438
363802.0,0.991
18435.0,1.015
34926.0,1.512
593.0,0.192
90059.0,0.179
1797014.0,0.472
3091707.0,0.544
35464.0,0.174
79242.0,0.159
614351.0,0.545
584.0,0.423
11645.0,0.69
20034.0,0.82
1797014.0,0.49
3091707.0,0.532
-1.0,-1.0
69689.0,0.45
11645.0,0.787
20034.0,0.87
399757.0,1.439
2718994.0,1.045
17619.0,1.437
169992.0,0.206
46591.0,0.621
1386071.0,0.649
9744.0,0.203
319919.0,0.208
2973354.0,0.617
88295.0,0.188
193329.0,0.554
77731.0,0.184
45438.0,0.57
1351772.0,0.591
5634845.0,0.893
167329.0,0.465
370493.0,1.439
34752.0,0.601
322984.0,0.904
9591.0,0.38
10604583.0,0.935
314908.0,0.385
170199.0,0.549
146838.0,1.459
612092.0,1.526
18176.0,0.839
20096893.0,1.393
596785.0,0.777
322546.0,0.743
1151937.0,1.374
34207.0,0.77
18488.0,0.742
607021.0,0.782
2183050.0,2.651
64825.0,1.646
35036.0,1.306
1150371.0,1.308
65938.0,1.3
124958.0,2.521
4210.0,0.216
35276.0,0.614
639007.0,0.584
1052576.0,0.606
11288496.0,0.608
133002.0,0.181
303.0,0.198
9438.0,0.171
9992.0,0.294
46141.0,0.641
184590.0,0.747
1515097.0,0.6
78575.0,0.189
1098.0,0.639
19891.0,0.579
32764.0,0.732
351385.0,0.92
4140.0,0.39
166650.0,1.465
274508.0,1.493
2943994.0,1.422
34686.0,0.851
4972636.0,1.36
53329718.0,1.43
628335.0,0.858
87844996.0,1.525
1034997.0,0.84
11288484.0,0.508
1000.0,0.615
1059.0,0.644
32937.0,0.557
873730.0,1.339
2108.0,1.536
3472.0,1.598
37242.0,1.385
439.0,0.842
108002.0,1.282
1158296.0,1.402
13647.0,0.785
1226410.0,1.384
14449.0,0.825
351381.0,0.805
1296845.0,2.675
13908175.0,2.728
164181.0,1.864
22909621.0,2.727
269920.0,1.735
2943958.0,1.327
415002027.0,2.825
4889587.0,1.747
53329647.0,1.294
87844900.0,1.363
3491.0,1.312
11445.0,2.646
122762.0,2.63
1447.0,1.718
129980.0,2.731
1532.0,1.678
37260.0,1.314
4042701.0,2.665
47631.0,1.726
1158283.0,1.261
1226352.0,1.32
108230850.0,5.516
1275167.0,3.583
13907967.0,2.646
22909337.0,2.645
415001473.0,2.608
428466.0,5.501
5050.0,3.537
122813.0,2.486
130028.0,2.5
4042659.0,2.499
108229219.0,5.381
428616.0,5.167
171623.0,0.204
47501.0,0.576
823461.0,0.609
1386190.0,0.582
14783229.0,0.631
171394.0,0.175
10029.0,0.189
298523.0,0.187
323017.0,0.211
48214.0,0.58
197119.0,0.629
1548362.0,0.587
79851.0,0.172
46770.0,0.574
810793.0,0.584
1364864.0,0.618
14555798.0,0.798
168757.0,0.39
224405.0,1.507
377756.0,1.474
4028638.0,1.354
46707.0,0.835
6548713.0,1.325
69839721.0,1.361
809709.0,0.811
117566107.0,1.377
1363040.0,0.824
14783220.0,0.523
33060.0,0.642
35773.0,0.597
1064784.0,0.641
933034.0,1.292
89792.0,1.446
151154.0,1.475
1612000.0,1.377
18689.0,0.932
4499098.0,1.284
47981306.0,1.322
556286.0,0.87
51918253.0,1.341
601930.0,0.876
14555771.0,0.713
1784615.0,2.641
19032307.0,2.686
221081.0,1.749
32038419.0,2.688
371445.0,1.682
4028612.0,1.261
555412085.0,2.762
6439346.0,1.75
69839705.0,1.272
117566078.0,1.287
117921.0,1.318
498260.0,2.687
5313751.0,2.667
61606.0,1.772
5749753.0,2.607
66661.0,1.775
1611979.0,1.349
171141812.0,2.752
1984185.0,1.736
47981250.0,1.319
51918175.0,1.307
-1.0,-1.0
1754804.0,3.466
19032208.0,2.57
32038188.0,2.534
555411914.0,2.972
18953319.0,5.404
219739.0,3.391
5313693.0,2.482
5749701.0,2.571
171141602.0,2.526
-1.0,-1.0
18953114.0,5.306
29213.0,0.214
38836.0,0.609
631334.0,0.6
1053504.0,0.65
11361557.0,0.602
131724.0,0.193
2363.0,0.204
65955.0,0.184
70745.0,0.223
51166.0,0.599
207367.0,0.588
1527442.0,0.61
79851.0,0.164
8469.0,0.59
137674.0,0.591
229735.0,0.71
2477590.0,0.786
28725.0,0.387
183026.0,1.503
305415.0,1.529
3293761.0,1.419
38187.0,0.884
4964971.0,1.394
53544929.0,1.37
620791.0,0.919
89350233.0,1.451
1035912.0,0.916
11361570.0,0.55
7770.0,0.626
8335.0,0.61
232637.0,0.623
979165.0,1.33
16220.0,1.516
27066.0,1.524
291894.0,1.384
3384.0,0.85
755458.0,1.308
8147282.0,1.39
94459.0,0.79
8738934.0,1.363
101319.0,0.852
2477613.0,0.692
1439365.0,2.755
15522890.0,2.865
180315.0,1.733
25902992.0,2.827
300312.0,1.743
3293737.0,1.293
421091236.0,2.716
4882062.0,1.748
53544990.0,1.286
89350357.0,1.306
27409.0,1.291
89004.0,2.701
959860.0,2.6
11128.0,1.747
1029564.0,2.644
11936.0,1.677
291880.0,1.286
28737025.0,2.684
333175.0,1.743
8147358.0,1.237
8739052.0,1.25
122076041.0,5.474
1415315.0,3.56
15522752.0,2.611
25902764.0,2.652
421091738.0,2.619
3385611.0,5.468
39251.0,3.443
959822.0,2.581
1029514.0,2.576
28737292.0,2.641
122074946.0,5.509
3385510.0,5.375
11455.0,0.206
46907.0,0.547
813172.0,0.582
1085293.0,0.651
13871243.0,0.609
169252.0,0.207
678.0,0.179
20177.0,0.163
17310.0,0.215
48214.0,0.584
156284.0,0.718
1227602.0,0.664
75873.0,0.175
3122.0,0.563
54117.0,0.59
72226.0,0.615
923131.0,0.797
11264.0,0.387
221601.0,1.468
295758.0,1.451
3780109.0,1.386
46124.0,0.907
5127199.0,1.407
65531267.0,1.448
799589.0,0.83
87460775.0,1.412
1067165.0,0.852
13871203.0,0.512
2235.0,0.593
1917.0,0.644
57060.0,0.539
739747.0,1.301
5993.0,1.467
7999.0,1.553
102234.0,1.426
1247.0,0.816
238084.0,1.317
3042982.0,1.409
37130.0,0.783
2610552.0,1.352
31854.0,0.849
923151.0,0.683
1397236.0,2.696
17858193.0,2.654
218321.0,1.759
23834293.0,2.657
290820.0,1.783
3780135.0,1.28
413186869.0,2.704
5041558.0,1.75
65531052.0,1.393
87460489.0,1.414
6319.0,1.268
26368.0,2.94
337001.0,2.695
4111.0,1.642
289110.0,2.707
3526.0,1.647
102199.0,1.328
8605351.0,2.68
105001.0,1.787
3043023.0,1.222
2610624.0,1.253
112599240.0,5.585
1373906.0,3.597
17858277.0,2.658
23834420.0,2.63
413185521.0,2.648
953015.0,5.412
11626.0,3.385
336921.0,2.483
288977.0,2.458
8605453.0,2.534
112599729.0,5.369
952820.0,5.354
81556.0,0.188
823461.0,0.552
1386190.0,0.626
141859.0,0.199
153499.0,0.187
1462098.0,0.566
41898.0,0.197
1548362.0,0.634
78799.0,0.197
385292.0,0.566
648590.0,0.64
2770843.0,1.022
79401.0,0.435
6548713.0,1.348
505990.0,0.573
4819618.0,0.864
138111.0,0.384
5215076.0,0.868
149444.0,0.387
82778.0,0.574
2137993.0,1.322
9133726.0,1.352
261735.0,0.779
9883164.0,1.472
283211.0,0.874
156872.0,0.747
17190823.0,1.728
492620.0,0.788
272866.0,0.701
295256.0,0.751
32578573.0,2.686
933568.0,1.706
517109.0,1.27
559539.0,1.242
973268.0,1.242
1844448.0,2.666
37701.0,0.214
48909.0,0.577
188875.0,0.58
1370902.0,0.668
2294.0,0.221
15041.0,0.183
70176.0,0.196
19524.0,0.206
11496.0,0.572
82823.0,0.609
351226.0,0.597
10579.0,0.606
40853.0,0.608
296520.0,0.795
37000.0,0.437
52998.0,1.523
384670.0,1.461
1485491.0,1.388
1735.0,0.623
8094.0,0.628
2252.0,0.399
53059.0,0.6
14762.0,0.404
68871.0,0.432
89753.0,1.348
4712.0,1.481
34199.0,1.537
4267.0,0.841
224192.0,1.301
27975.0,0.862
130518.0,0.874
416823.0,2.752
6120.0,1.324
1703.0,0.785
7944.0,0.797
52073.0,0.794
25857.0,2.854
3226.0,1.661
15052.0,1.693
98682.0,1.683
6007.0,1.593
11380.0,3.383
169802.0,0.2
48339.0,0.627
785489.0,0.707
1372861.0,0.583
10413.0,0.208
287233.0,0.199
322692.0,0.309
89053.0,0.207
48172.0,0.594
83573.0,0.627
1491302.0,0.632
47548.0,0.607
772628.0,0.604
1350382.0,0.611
167143.0,0.437
219948.0,1.455
384421.0,1.453
6246732.0,1.49
33059.0,0.611
37140.0,0.609
10250.0,0.458
1024513.0,0.568
282734.0,0.433
317638.0,0.417
380299.0,1.33
88926.0,1.47
155423.0,1.479
19237.0,0.848
4287319.0,1.297
530661.0,0.788
596173.0,0.847
1749176.0,2.747
117916.0,1.292
32543.0,0.783
36560.0,0.782
1008468.0,0.792
493451.0,2.752
61075.0,1.669
68615.0,1.789
1892785.0,1.677
116076.0,1.583
217845.0,3.516
